srr	bioproject	organism	platform	library_strategy	library_source	spots	experiment_title
ERR13999325	PRJEB82826	Homo sapiens	ILLUMINA	AMPLICON	METAGENOMIC	96557	Illumina HiSeq 2000 paired end sequencing
ERR13999250	PRJEB82826	Homo sapiens	ILLUMINA	AMPLICON	METAGENOMIC	84561	Illumina HiSeq 2000 paired end sequencing
ERR13999238	PRJEB82826	Homo sapiens	ILLUMINA	AMPLICON	METAGENOMIC	1495	Illumina HiSeq 2000 paired end sequencing
ERR13999275	PRJEB82826	Homo sapiens	ILLUMINA	AMPLICON	METAGENOMIC	99505	Illumina HiSeq 2000 paired end sequencing
ERR13999268	PRJEB82826	Homo sapiens	ILLUMINA	AMPLICON	METAGENOMIC	73830	Illumina HiSeq 2000 paired end sequencing
ERR13999283	PRJEB82826	Homo sapiens	ILLUMINA	AMPLICON	METAGENOMIC	113848	Illumina HiSeq 2000 paired end sequencing
ERR13999296	PRJEB82826	Homo sapiens	ILLUMINA	AMPLICON	METAGENOMIC	104797	Illumina HiSeq 2000 paired end sequencing
ERR13999305	PRJEB82826	Homo sapiens	ILLUMINA	AMPLICON	METAGENOMIC	92845	Illumina HiSeq 2000 paired end sequencing
ERR13999243	PRJEB82826	Homo sapiens	ILLUMINA	AMPLICON	METAGENOMIC	95824	Illumina HiSeq 2000 paired end sequencing
ERR13999236	PRJEB82826	Homo sapiens	ILLUMINA	AMPLICON	METAGENOMIC	3987	Illumina HiSeq 2000 paired end sequencing
ERR13999309	PRJEB82826	Homo sapiens	ILLUMINA	AMPLICON	METAGENOMIC	100055	Illumina HiSeq 2000 paired end sequencing
ERR13999253	PRJEB82826	Homo sapiens	ILLUMINA	AMPLICON	METAGENOMIC	42632	Illumina HiSeq 2000 paired end sequencing
ERR13999279	PRJEB82826	Homo sapiens	ILLUMINA	AMPLICON	METAGENOMIC	61484	Illumina HiSeq 2000 paired end sequencing
ERR13999292	PRJEB82826	Homo sapiens	ILLUMINA	AMPLICON	METAGENOMIC	107567	Illumina HiSeq 2000 paired end sequencing
ERR13999231	PRJEB82826	Homo sapiens	ILLUMINA	AMPLICON	METAGENOMIC	2645	Illumina HiSeq 2000 paired end sequencing
ERR13999316	PRJEB82826	Homo sapiens	ILLUMINA	AMPLICON	METAGENOMIC	44600	Illumina HiSeq 2000 paired end sequencing
ERR13999293	PRJEB82826	Homo sapiens	ILLUMINA	AMPLICON	METAGENOMIC	97967	Illumina HiSeq 2000 paired end sequencing
ERR13999272	PRJEB82826	Homo sapiens	ILLUMINA	AMPLICON	METAGENOMIC	98829	Illumina HiSeq 2000 paired end sequencing
ERR13999262	PRJEB82826	Homo sapiens	ILLUMINA	AMPLICON	METAGENOMIC	97611	Illumina HiSeq 2000 paired end sequencing
ERR13999239	PRJEB82826	Homo sapiens	ILLUMINA	AMPLICON	METAGENOMIC	6377	Illumina HiSeq 2000 paired end sequencing
ERR13999232	PRJEB82826	Homo sapiens	ILLUMINA	AMPLICON	METAGENOMIC	10927	Illumina HiSeq 2000 paired end sequencing
ERR13999256	PRJEB82826	Homo sapiens	ILLUMINA	AMPLICON	METAGENOMIC	105446	Illumina HiSeq 2000 paired end sequencing
ERR13999273	PRJEB82826	Homo sapiens	ILLUMINA	AMPLICON	METAGENOMIC	101725	Illumina HiSeq 2000 paired end sequencing
ERR13999282	PRJEB82826	Homo sapiens	ILLUMINA	AMPLICON	METAGENOMIC	106320	Illumina HiSeq 2000 paired end sequencing
ERR13999289	PRJEB82826	Homo sapiens	ILLUMINA	AMPLICON	METAGENOMIC	97198	Illumina HiSeq 2000 paired end sequencing
ERR13999252	PRJEB82826	Homo sapiens	ILLUMINA	AMPLICON	METAGENOMIC	108147	Illumina HiSeq 2000 paired end sequencing
ERR13999322	PRJEB82826	Homo sapiens	ILLUMINA	AMPLICON	METAGENOMIC	102677	Illumina HiSeq 2000 paired end sequencing
ERR13999257	PRJEB82826	Homo sapiens	ILLUMINA	AMPLICON	METAGENOMIC	67995	Illumina HiSeq 2000 paired end sequencing
ERR13999264	PRJEB82826	Homo sapiens	ILLUMINA	AMPLICON	METAGENOMIC	65273	Illumina HiSeq 2000 paired end sequencing
ERR13999323	PRJEB82826	Homo sapiens	ILLUMINA	AMPLICON	METAGENOMIC	56626	Illumina HiSeq 2000 paired end sequencing
ERR13999295	PRJEB82826	Homo sapiens	ILLUMINA	AMPLICON	METAGENOMIC	78773	Illumina HiSeq 2000 paired end sequencing
ERR13999248	PRJEB82826	Homo sapiens	ILLUMINA	AMPLICON	METAGENOMIC	111135	Illumina HiSeq 2000 paired end sequencing
ERR13999284	PRJEB82826	Homo sapiens	ILLUMINA	AMPLICON	METAGENOMIC	103963	Illumina HiSeq 2000 paired end sequencing
ERR13999242	PRJEB82826	Homo sapiens	ILLUMINA	AMPLICON	METAGENOMIC	3217	Illumina HiSeq 2000 paired end sequencing
ERR13999321	PRJEB82826	Homo sapiens	ILLUMINA	AMPLICON	METAGENOMIC	83202	Illumina HiSeq 2000 paired end sequencing
ERR13999310	PRJEB82826	Homo sapiens	ILLUMINA	AMPLICON	METAGENOMIC	124109	Illumina HiSeq 2000 paired end sequencing
ERR13999270	PRJEB82826	Homo sapiens	ILLUMINA	AMPLICON	METAGENOMIC	104571	Illumina HiSeq 2000 paired end sequencing
ERR13999291	PRJEB82826	Homo sapiens	ILLUMINA	AMPLICON	METAGENOMIC	88664	Illumina HiSeq 2000 paired end sequencing
ERR13999277	PRJEB82826	Homo sapiens	ILLUMINA	AMPLICON	METAGENOMIC	60077	Illumina HiSeq 2000 paired end sequencing
ERR13999263	PRJEB82826	Homo sapiens	ILLUMINA	AMPLICON	METAGENOMIC	70529	Illumina HiSeq 2000 paired end sequencing
ERR13999313	PRJEB82826	Homo sapiens	ILLUMINA	AMPLICON	METAGENOMIC	88855	Illumina HiSeq 2000 paired end sequencing
ERR13999320	PRJEB82826	Homo sapiens	ILLUMINA	AMPLICON	METAGENOMIC	24578	Illumina HiSeq 2000 paired end sequencing
ERR13999276	PRJEB82826	Homo sapiens	ILLUMINA	AMPLICON	METAGENOMIC	34672	Illumina HiSeq 2000 paired end sequencing
ERR13999297	PRJEB82826	Homo sapiens	ILLUMINA	AMPLICON	METAGENOMIC	113263	Illumina HiSeq 2000 paired end sequencing
ERR13999315	PRJEB82826	Homo sapiens	ILLUMINA	AMPLICON	METAGENOMIC	62164	Illumina HiSeq 2000 paired end sequencing
ERR13999290	PRJEB82826	Homo sapiens	ILLUMINA	AMPLICON	METAGENOMIC	112202	Illumina HiSeq 2000 paired end sequencing
ERR13999319	PRJEB82826	Homo sapiens	ILLUMINA	AMPLICON	METAGENOMIC	58593	Illumina HiSeq 2000 paired end sequencing
ERR13999233	PRJEB82826	Homo sapiens	ILLUMINA	AMPLICON	METAGENOMIC	10350	Illumina HiSeq 2000 paired end sequencing
ERR13999288	PRJEB82826	Homo sapiens	ILLUMINA	AMPLICON	METAGENOMIC	69867	Illumina HiSeq 2000 paired end sequencing
ERR13999261	PRJEB82826	Homo sapiens	ILLUMINA	AMPLICON	METAGENOMIC	110744	Illumina HiSeq 2000 paired end sequencing
ERR13999247	PRJEB82826	Homo sapiens	ILLUMINA	AMPLICON	METAGENOMIC	89095	Illumina HiSeq 2000 paired end sequencing
ERR13999302	PRJEB82826	Homo sapiens	ILLUMINA	AMPLICON	METAGENOMIC	103635	Illumina HiSeq 2000 paired end sequencing
ERR13999267	PRJEB82826	Homo sapiens	ILLUMINA	AMPLICON	METAGENOMIC	112460	Illumina HiSeq 2000 paired end sequencing
ERR13999314	PRJEB82826	Homo sapiens	ILLUMINA	AMPLICON	METAGENOMIC	107120	Illumina HiSeq 2000 paired end sequencing
ERR13999246	PRJEB82826	Homo sapiens	ILLUMINA	AMPLICON	METAGENOMIC	78105	Illumina HiSeq 2000 paired end sequencing
ERR13999286	PRJEB82826	Homo sapiens	ILLUMINA	AMPLICON	METAGENOMIC	57679	Illumina HiSeq 2000 paired end sequencing
ERR13999306	PRJEB82826	Homo sapiens	ILLUMINA	AMPLICON	METAGENOMIC	106219	Illumina HiSeq 2000 paired end sequencing
ERR13999294	PRJEB82826	Homo sapiens	ILLUMINA	AMPLICON	METAGENOMIC	81982	Illumina HiSeq 2000 paired end sequencing
ERR13999237	PRJEB82826	Homo sapiens	ILLUMINA	AMPLICON	METAGENOMIC	1237	Illumina HiSeq 2000 paired end sequencing
ERR13999249	PRJEB82826	Homo sapiens	ILLUMINA	AMPLICON	METAGENOMIC	100358	Illumina HiSeq 2000 paired end sequencing
ERR13999244	PRJEB82826	Homo sapiens	ILLUMINA	AMPLICON	METAGENOMIC	89131	Illumina HiSeq 2000 paired end sequencing
ERR13999318	PRJEB82826	Homo sapiens	ILLUMINA	AMPLICON	METAGENOMIC	60386	Illumina HiSeq 2000 paired end sequencing
ERR13999307	PRJEB82826	Homo sapiens	ILLUMINA	AMPLICON	METAGENOMIC	73783	Illumina HiSeq 2000 paired end sequencing
ERR13999303	PRJEB82826	Homo sapiens	ILLUMINA	AMPLICON	METAGENOMIC	57665	Illumina HiSeq 2000 paired end sequencing
ERR13999326	PRJEB82826	Homo sapiens	ILLUMINA	AMPLICON	METAGENOMIC	48551	Illumina HiSeq 2000 paired end sequencing
ERR13999245	PRJEB82826	Homo sapiens	ILLUMINA	AMPLICON	METAGENOMIC	76195	Illumina HiSeq 2000 paired end sequencing
ERR13999254	PRJEB82826	Homo sapiens	ILLUMINA	AMPLICON	METAGENOMIC	88701	Illumina HiSeq 2000 paired end sequencing
ERR13999259	PRJEB82826	Homo sapiens	ILLUMINA	AMPLICON	METAGENOMIC	73785	Illumina HiSeq 2000 paired end sequencing
ERR13999274	PRJEB82826	Homo sapiens	ILLUMINA	AMPLICON	METAGENOMIC	26192	Illumina HiSeq 2000 paired end sequencing
ERR13999280	PRJEB82826	Homo sapiens	ILLUMINA	AMPLICON	METAGENOMIC	60355	Illumina HiSeq 2000 paired end sequencing
ERR13999266	PRJEB82826	Homo sapiens	ILLUMINA	AMPLICON	METAGENOMIC	83028	Illumina HiSeq 2000 paired end sequencing
ERR13999317	PRJEB82826	Homo sapiens	ILLUMINA	AMPLICON	METAGENOMIC	40103	Illumina HiSeq 2000 paired end sequencing
ERR13999241	PRJEB82826	Homo sapiens	ILLUMINA	AMPLICON	METAGENOMIC	3334	Illumina HiSeq 2000 paired end sequencing
ERR13999271	PRJEB82826	Homo sapiens	ILLUMINA	AMPLICON	METAGENOMIC	97969	Illumina HiSeq 2000 paired end sequencing
ERR13999324	PRJEB82826	Homo sapiens	ILLUMINA	AMPLICON	METAGENOMIC	66965	Illumina HiSeq 2000 paired end sequencing
ERR13999301	PRJEB82826	Homo sapiens	ILLUMINA	AMPLICON	METAGENOMIC	72387	Illumina HiSeq 2000 paired end sequencing
ERR13999234	PRJEB82826	Homo sapiens	ILLUMINA	AMPLICON	METAGENOMIC	5233	Illumina HiSeq 2000 paired end sequencing
ERR13999265	PRJEB82826	Homo sapiens	ILLUMINA	AMPLICON	METAGENOMIC	118501	Illumina HiSeq 2000 paired end sequencing
ERR13999281	PRJEB82826	Homo sapiens	ILLUMINA	AMPLICON	METAGENOMIC	89473	Illumina HiSeq 2000 paired end sequencing
ERR13999251	PRJEB82826	Homo sapiens	ILLUMINA	AMPLICON	METAGENOMIC	57698	Illumina HiSeq 2000 paired end sequencing
ERR13999308	PRJEB82826	Homo sapiens	ILLUMINA	AMPLICON	METAGENOMIC	125493	Illumina HiSeq 2000 paired end sequencing
ERR13999300	PRJEB82826	Homo sapiens	ILLUMINA	AMPLICON	METAGENOMIC	79759	Illumina HiSeq 2000 paired end sequencing
ERR13999287	PRJEB82826	Homo sapiens	ILLUMINA	AMPLICON	METAGENOMIC	82359	Illumina HiSeq 2000 paired end sequencing
ERR13999298	PRJEB82826	Homo sapiens	ILLUMINA	AMPLICON	METAGENOMIC	126223	Illumina HiSeq 2000 paired end sequencing
ERR13999260	PRJEB82826	Homo sapiens	ILLUMINA	AMPLICON	METAGENOMIC	103821	Illumina HiSeq 2000 paired end sequencing
ERR13999240	PRJEB82826	Homo sapiens	ILLUMINA	AMPLICON	METAGENOMIC	7492	Illumina HiSeq 2000 paired end sequencing
ERR13999235	PRJEB82826	Homo sapiens	ILLUMINA	AMPLICON	METAGENOMIC	5896	Illumina HiSeq 2000 paired end sequencing
ERR13999255	PRJEB82826	Homo sapiens	ILLUMINA	AMPLICON	METAGENOMIC	88299	Illumina HiSeq 2000 paired end sequencing
ERR13999258	PRJEB82826	Homo sapiens	ILLUMINA	AMPLICON	METAGENOMIC	110122	Illumina HiSeq 2000 paired end sequencing
ERR13999285	PRJEB82826	Homo sapiens	ILLUMINA	AMPLICON	METAGENOMIC	16650	Illumina HiSeq 2000 paired end sequencing
ERR13999311	PRJEB82826	Homo sapiens	ILLUMINA	AMPLICON	METAGENOMIC	99126	Illumina HiSeq 2000 paired end sequencing
ERR13999299	PRJEB82826	Homo sapiens	ILLUMINA	AMPLICON	METAGENOMIC	70522	Illumina HiSeq 2000 paired end sequencing
ERR13999269	PRJEB82826	Homo sapiens	ILLUMINA	AMPLICON	METAGENOMIC	92340	Illumina HiSeq 2000 paired end sequencing
ERR13999278	PRJEB82826	Homo sapiens	ILLUMINA	AMPLICON	METAGENOMIC	78456	Illumina HiSeq 2000 paired end sequencing
ERR13999304	PRJEB82826	Homo sapiens	ILLUMINA	AMPLICON	METAGENOMIC	81568	Illumina HiSeq 2000 paired end sequencing
ERR13999312	PRJEB82826	Homo sapiens	ILLUMINA	AMPLICON	METAGENOMIC	80756	Illumina HiSeq 2000 paired end sequencing
SRR31465416	PRJNA1189573	metagenome	ILLUMINA	AMPLICON	METAGENOMIC	136827	skin microbiome
SRR31465417	PRJNA1189573	metagenome	ILLUMINA	AMPLICON	METAGENOMIC	217022	skin microbiome
SRR31465418	PRJNA1189573	metagenome	ILLUMINA	AMPLICON	METAGENOMIC	147950	skin microbiome
SRR31465419	PRJNA1189573	metagenome	ILLUMINA	AMPLICON	METAGENOMIC	163268	stool microbiome
SRR31465420	PRJNA1189573	metagenome	ILLUMINA	AMPLICON	METAGENOMIC	193655	stool microbiome
SRR31465421	PRJNA1189573	metagenome	ILLUMINA	AMPLICON	METAGENOMIC	118459	stool microbiome
SRR31465422	PRJNA1189573	metagenome	ILLUMINA	AMPLICON	METAGENOMIC	127608	stool microbiome
SRR31465423	PRJNA1189573	metagenome	ILLUMINA	AMPLICON	METAGENOMIC	124954	skin microbiome
SRR31465424	PRJNA1189573	metagenome	ILLUMINA	AMPLICON	METAGENOMIC	168514	stool microbiome
SRR31465425	PRJNA1189573	metagenome	ILLUMINA	AMPLICON	METAGENOMIC	141986	blood microbiome
SRR31465426	PRJNA1189573	metagenome	ILLUMINA	AMPLICON	METAGENOMIC	85130	blood microbiome
SRR31465427	PRJNA1189573	metagenome	ILLUMINA	AMPLICON	METAGENOMIC	153520	blood microbiome
SRR31465428	PRJNA1189573	metagenome	ILLUMINA	AMPLICON	METAGENOMIC	154183	blood microbiome
SRR31465429	PRJNA1189573	metagenome	ILLUMINA	AMPLICON	METAGENOMIC	129251	blood microbiome
SRR31465430	PRJNA1189573	metagenome	ILLUMINA	AMPLICON	METAGENOMIC	148347	blood microbiome
SRR31465431	PRJNA1189573	metagenome	ILLUMINA	AMPLICON	METAGENOMIC	128538	blood microbiome
SRR31465432	PRJNA1189573	metagenome	ILLUMINA	AMPLICON	METAGENOMIC	164158	blood microbiome
SRR31465433	PRJNA1189573	metagenome	ILLUMINA	AMPLICON	METAGENOMIC	138747	blood microbiome
SRR31465434	PRJNA1189573	metagenome	ILLUMINA	AMPLICON	METAGENOMIC	130800	skin microbiome
SRR31465435	PRJNA1189573	metagenome	ILLUMINA	AMPLICON	METAGENOMIC	97082	blood microbiome
SRR31465436	PRJNA1189573	metagenome	ILLUMINA	AMPLICON	METAGENOMIC	164061	blood microbiome
SRR31465437	PRJNA1189573	metagenome	ILLUMINA	AMPLICON	METAGENOMIC	160049	blood microbiome
SRR31465438	PRJNA1189573	metagenome	ILLUMINA	AMPLICON	METAGENOMIC	129737	blood microbiome
SRR31465439	PRJNA1189573	metagenome	ILLUMINA	AMPLICON	METAGENOMIC	118651	blood microbiome
SRR31465440	PRJNA1189573	metagenome	ILLUMINA	AMPLICON	METAGENOMIC	119665	blood microbiome
SRR31465441	PRJNA1189573	metagenome	ILLUMINA	AMPLICON	METAGENOMIC	126766	blood microbiome
SRR31465442	PRJNA1189573	metagenome	ILLUMINA	AMPLICON	METAGENOMIC	102632	blood microbiome
SRR31465443	PRJNA1189573	metagenome	ILLUMINA	AMPLICON	METAGENOMIC	136156	blood microbiome
SRR31465444	PRJNA1189573	metagenome	ILLUMINA	AMPLICON	METAGENOMIC	110165	blood microbiome
SRR31465445	PRJNA1189573	metagenome	ILLUMINA	AMPLICON	METAGENOMIC	144930	skin microbiome
SRR31465446	PRJNA1189573	metagenome	ILLUMINA	AMPLICON	METAGENOMIC	121099	blood microbiome
SRR31465447	PRJNA1189573	metagenome	ILLUMINA	AMPLICON	METAGENOMIC	88739	blood microbiome
SRR31465448	PRJNA1189573	metagenome	ILLUMINA	AMPLICON	METAGENOMIC	105699	blood microbiome
SRR31465449	PRJNA1189573	metagenome	ILLUMINA	AMPLICON	METAGENOMIC	117946	blood microbiome
SRR31465450	PRJNA1189573	metagenome	ILLUMINA	AMPLICON	METAGENOMIC	190370	stool microbiome
SRR31465451	PRJNA1189573	metagenome	ILLUMINA	AMPLICON	METAGENOMIC	170614	stool microbiome
SRR31465452	PRJNA1189573	metagenome	ILLUMINA	AMPLICON	METAGENOMIC	144682	stool microbiome
SRR31465453	PRJNA1189573	metagenome	ILLUMINA	AMPLICON	METAGENOMIC	161768	stool microbiome
SRR31465454	PRJNA1189573	metagenome	ILLUMINA	AMPLICON	METAGENOMIC	141031	stool microbiome
SRR31465455	PRJNA1189573	metagenome	ILLUMINA	AMPLICON	METAGENOMIC	152569	stool microbiome
SRR31465456	PRJNA1189573	metagenome	ILLUMINA	AMPLICON	METAGENOMIC	165301	skin microbiome
SRR31465457	PRJNA1189573	metagenome	ILLUMINA	AMPLICON	METAGENOMIC	174984	stool microbiome
SRR31465458	PRJNA1189573	metagenome	ILLUMINA	AMPLICON	METAGENOMIC	147081	stool microbiome
SRR31465459	PRJNA1189573	metagenome	ILLUMINA	AMPLICON	METAGENOMIC	155763	stool microbiome
SRR31465460	PRJNA1189573	metagenome	ILLUMINA	AMPLICON	METAGENOMIC	148161	stool microbiome
SRR31465461	PRJNA1189573	metagenome	ILLUMINA	AMPLICON	METAGENOMIC	118284	stool microbiome
SRR31465462	PRJNA1189573	metagenome	ILLUMINA	AMPLICON	METAGENOMIC	157238	stool microbiome
SRR31465463	PRJNA1189573	metagenome	ILLUMINA	AMPLICON	METAGENOMIC	160780	stool microbiome
SRR31465464	PRJNA1189573	metagenome	ILLUMINA	AMPLICON	METAGENOMIC	160900	stool microbiome
SRR31465465	PRJNA1189573	metagenome	ILLUMINA	AMPLICON	METAGENOMIC	111729	stool microbiome
SRR31465466	PRJNA1189573	metagenome	ILLUMINA	AMPLICON	METAGENOMIC	155088	stool microbiome
SRR31465467	PRJNA1189573	metagenome	ILLUMINA	AMPLICON	METAGENOMIC	13059	skin microbiome
SRR31465468	PRJNA1189573	metagenome	ILLUMINA	AMPLICON	METAGENOMIC	115109	stool microbiome
SRR31465469	PRJNA1189573	metagenome	ILLUMINA	AMPLICON	METAGENOMIC	105185	stool microbiome
SRR31465470	PRJNA1189573	metagenome	ILLUMINA	AMPLICON	METAGENOMIC	142721	skin microbiome
SRR31465471	PRJNA1189573	metagenome	ILLUMINA	AMPLICON	METAGENOMIC	152038	skin microbiome
SRR31465472	PRJNA1189573	metagenome	ILLUMINA	AMPLICON	METAGENOMIC	157031	skin microbiome
SRR31465473	PRJNA1189573	metagenome	ILLUMINA	AMPLICON	METAGENOMIC	124649	skin microbiome
SRR31465474	PRJNA1189573	metagenome	ILLUMINA	AMPLICON	METAGENOMIC	117637	skin microbiome
SRR31465475	PRJNA1189573	metagenome	ILLUMINA	AMPLICON	METAGENOMIC	154203	skin microbiome
SRR31465476	PRJNA1189573	metagenome	ILLUMINA	AMPLICON	METAGENOMIC	152842	skin microbiome
SRR31465477	PRJNA1189573	metagenome	ILLUMINA	AMPLICON	METAGENOMIC	148427	skin microbiome
SRR31465478	PRJNA1189573	metagenome	ILLUMINA	AMPLICON	METAGENOMIC	9095	skin microbiome
SRR31465479	PRJNA1189573	metagenome	ILLUMINA	AMPLICON	METAGENOMIC	1080	skin microbiome
SRR31465480	PRJNA1189573	metagenome	ILLUMINA	AMPLICON	METAGENOMIC	175946	blood microbiome
SRR31465481	PRJNA1189573	metagenome	ILLUMINA	AMPLICON	METAGENOMIC	86397	blood microbiome
SRR31465482	PRJNA1189573	metagenome	ILLUMINA	AMPLICON	METAGENOMIC	143466	blood microbiome
SRR31465483	PRJNA1189573	metagenome	ILLUMINA	AMPLICON	METAGENOMIC	138585	skin microbiome
SRR31465484	PRJNA1189573	metagenome	ILLUMINA	AMPLICON	METAGENOMIC	132569	blood microbiome
SRR31465485	PRJNA1189573	metagenome	ILLUMINA	AMPLICON	METAGENOMIC	136756	blood microbiome
SRR31465486	PRJNA1189573	metagenome	ILLUMINA	AMPLICON	METAGENOMIC	138945	blood microbiome
SRR31465487	PRJNA1189573	metagenome	ILLUMINA	AMPLICON	METAGENOMIC	128692	blood microbiome
SRR31465488	PRJNA1189573	metagenome	ILLUMINA	AMPLICON	METAGENOMIC	120332	blood microbiome
SRR31465489	PRJNA1189573	metagenome	ILLUMINA	AMPLICON	METAGENOMIC	138698	skin microbiome
SRR31465490	PRJNA1189573	metagenome	ILLUMINA	AMPLICON	METAGENOMIC	160182	skin microbiome
SRR31465491	PRJNA1189573	metagenome	ILLUMINA	AMPLICON	METAGENOMIC	187378	skin microbiome
SRR31465492	PRJNA1189573	metagenome	ILLUMINA	AMPLICON	METAGENOMIC	172810	skin microbiome
SRR31465493	PRJNA1189573	metagenome	ILLUMINA	AMPLICON	METAGENOMIC	170040	skin microbiome
SRR31465494	PRJNA1189573	metagenome	ILLUMINA	AMPLICON	METAGENOMIC	166749	skin microbiome
SRR31465495	PRJNA1189573	metagenome	ILLUMINA	AMPLICON	METAGENOMIC	83348	skin microbiome
SRR31465496	PRJNA1189573	metagenome	ILLUMINA	AMPLICON	METAGENOMIC	165443	skin microbiome
SRR31465497	PRJNA1189573	metagenome	ILLUMINA	AMPLICON	METAGENOMIC	159673	skin microbiome
SRR31465498	PRJNA1189573	metagenome	ILLUMINA	AMPLICON	METAGENOMIC	159758	stool microbiome
SRR31465499	PRJNA1189573	metagenome	ILLUMINA	AMPLICON	METAGENOMIC	177862	stool microbiome
SRR31465500	PRJNA1189573	metagenome	ILLUMINA	AMPLICON	METAGENOMIC	175249	stool microbiome
SRR31465501	PRJNA1189573	metagenome	ILLUMINA	AMPLICON	METAGENOMIC	86550	stool microbiome
SRR31465502	PRJNA1189573	metagenome	ILLUMINA	AMPLICON	METAGENOMIC	134427	stool microbiome
SRR31465503	PRJNA1189573	metagenome	ILLUMINA	AMPLICON	METAGENOMIC	188253	stool microbiome
SRR31465504	PRJNA1189573	metagenome	ILLUMINA	AMPLICON	METAGENOMIC	155272	stool microbiome
SRR31465505	PRJNA1189573	metagenome	ILLUMINA	AMPLICON	METAGENOMIC	169555	skin microbiome
SRR31465506	PRJNA1189573	metagenome	ILLUMINA	AMPLICON	METAGENOMIC	134683	stool microbiome
SRR31465507	PRJNA1189573	metagenome	ILLUMINA	AMPLICON	METAGENOMIC	159803	skin microbiome
SRR31465508	PRJNA1189573	metagenome	ILLUMINA	AMPLICON	METAGENOMIC	138546	skin microbiome
DRR574465	PRJDB18292	metagenome	ILLUMINA	WXS	METAGENOMIC	10614	Illumina MiSeq sequencing of SAMD00794622
DRR574464	PRJDB18292	metagenome	ILLUMINA	WXS	METAGENOMIC	7790	Illumina MiSeq sequencing of SAMD00794621
DRR574463	PRJDB18292	metagenome	ILLUMINA	WXS	METAGENOMIC	9140	Illumina MiSeq sequencing of SAMD00794620
DRR574462	PRJDB18292	metagenome	ILLUMINA	WXS	METAGENOMIC	22217	Illumina MiSeq sequencing of SAMD00794619
DRR574461	PRJDB18292	metagenome	ILLUMINA	WXS	METAGENOMIC	18472	Illumina MiSeq sequencing of SAMD00794618
DRR574460	PRJDB18292	metagenome	ILLUMINA	WXS	METAGENOMIC	49824	Illumina MiSeq sequencing of SAMD00794617
DRR574459	PRJDB18292	metagenome	ILLUMINA	WXS	METAGENOMIC	28667	Illumina MiSeq sequencing of SAMD00794616
DRR574458	PRJDB18292	metagenome	ILLUMINA	WXS	METAGENOMIC	13106	Illumina MiSeq sequencing of SAMD00794615
DRR574457	PRJDB18292	metagenome	ILLUMINA	WXS	METAGENOMIC	11065	Illumina MiSeq sequencing of SAMD00794614
DRR574456	PRJDB18292	metagenome	ILLUMINA	WXS	METAGENOMIC	16686	Illumina MiSeq sequencing of SAMD00794613
DRR574455	PRJDB18292	metagenome	ILLUMINA	WXS	METAGENOMIC	11382	Illumina MiSeq sequencing of SAMD00794612
DRR574454	PRJDB18292	metagenome	ILLUMINA	WXS	METAGENOMIC	12015	Illumina MiSeq sequencing of SAMD00794611
DRR574453	PRJDB18292	metagenome	ILLUMINA	WXS	METAGENOMIC	15978	Illumina MiSeq sequencing of SAMD00794610
DRR574452	PRJDB18292	metagenome	ILLUMINA	WXS	METAGENOMIC	12870	Illumina MiSeq sequencing of SAMD00794609
DRR574451	PRJDB18292	metagenome	ILLUMINA	WXS	METAGENOMIC	11356	Illumina MiSeq sequencing of SAMD00794608
DRR574450	PRJDB18292	metagenome	ILLUMINA	WXS	METAGENOMIC	7704	Illumina MiSeq sequencing of SAMD00794607
DRR574449	PRJDB18292	metagenome	ILLUMINA	WXS	METAGENOMIC	12784	Illumina MiSeq sequencing of SAMD00794606
DRR574448	PRJDB18292	metagenome	ILLUMINA	WXS	METAGENOMIC	9726	Illumina MiSeq sequencing of SAMD00794605
DRR574447	PRJDB18292	metagenome	ILLUMINA	WXS	METAGENOMIC	13116	Illumina MiSeq sequencing of SAMD00794604
DRR574446	PRJDB18292	metagenome	ILLUMINA	WXS	METAGENOMIC	11990	Illumina MiSeq sequencing of SAMD00794603
DRR574445	PRJDB18292	metagenome	ILLUMINA	WXS	METAGENOMIC	5352	Illumina MiSeq sequencing of SAMD00794602
DRR574444	PRJDB18292	metagenome	ILLUMINA	WXS	METAGENOMIC	8660	Illumina MiSeq sequencing of SAMD00794601
DRR574443	PRJDB18292	metagenome	ILLUMINA	WXS	METAGENOMIC	10435	Illumina MiSeq sequencing of SAMD00794600
DRR574442	PRJDB18292	metagenome	ILLUMINA	WXS	METAGENOMIC	24509	Illumina MiSeq sequencing of SAMD00794599
SRR27149821	PRJNA1049642	sponge metagenome	ILLUMINA	AMPLICON	METAGENOMIC	112077	Metagenomic of microbiome sponge
SRR13489665	PRJNA693337	human eye metagenome	ILLUMINA	AMPLICON	METAGENOMIC	38370	Effects of Intense Pulsed Light on Tear Film TGF-beta and Microbiome in Ocular Rosacea with Dry Eye
SRR13489666	PRJNA693337	human eye metagenome	ILLUMINA	AMPLICON	METAGENOMIC	119617	Effects of Intense Pulsed Light on Tear Film TGF-beta and Microbiome in Ocular Rosacea with Dry Eye
SRR13489667	PRJNA693337	human eye metagenome	ILLUMINA	AMPLICON	METAGENOMIC	61190	Effects of Intense Pulsed Light on Tear Film TGF-beta and Microbiome in Ocular Rosacea with Dry Eye
SRR13489668	PRJNA693337	human eye metagenome	ILLUMINA	AMPLICON	METAGENOMIC	70897	Effects of Intense Pulsed Light on Tear Film TGF-beta and Microbiome in Ocular Rosacea with Dry Eye
SRR13489669	PRJNA693337	human eye metagenome	ILLUMINA	AMPLICON	METAGENOMIC	187636	Effects of Intense Pulsed Light on Tear Film TGF-beta and Microbiome in Ocular Rosacea with Dry Eye
SRR13489670	PRJNA693337	human eye metagenome	ILLUMINA	AMPLICON	METAGENOMIC	78574	Effects of Intense Pulsed Light on Tear Film TGF-beta and Microbiome in Ocular Rosacea with Dry Eye
SRR13489671	PRJNA693337	human eye metagenome	ILLUMINA	AMPLICON	METAGENOMIC	74958	Effects of Intense Pulsed Light on Tear Film TGF-beta and Microbiome in Ocular Rosacea with Dry Eye
SRR13489672	PRJNA693337	human eye metagenome	ILLUMINA	AMPLICON	METAGENOMIC	40527	Effects of Intense Pulsed Light on Tear Film TGF-beta and Microbiome in Ocular Rosacea with Dry Eye
SRR13489673	PRJNA693337	human eye metagenome	ILLUMINA	AMPLICON	METAGENOMIC	62645	Effects of Intense Pulsed Light on Tear Film TGF-beta and Microbiome in Ocular Rosacea with Dry Eye
SRR13489674	PRJNA693337	human eye metagenome	ILLUMINA	AMPLICON	METAGENOMIC	130053	Effects of Intense Pulsed Light on Tear Film TGF-beta and Microbiome in Ocular Rosacea with Dry Eye
SRR13489675	PRJNA693337	human eye metagenome	ILLUMINA	AMPLICON	METAGENOMIC	59821	Effects of Intense Pulsed Light on Tear Film TGF-beta and Microbiome in Ocular Rosacea with Dry Eye
SRR13489676	PRJNA693337	human eye metagenome	ILLUMINA	AMPLICON	METAGENOMIC	115599	Effects of Intense Pulsed Light on Tear Film TGF-beta and Microbiome in Ocular Rosacea with Dry Eye
SRR13489677	PRJNA693337	human eye metagenome	ILLUMINA	AMPLICON	METAGENOMIC	90711	Effects of Intense Pulsed Light on Tear Film TGF-beta and Microbiome in Ocular Rosacea with Dry Eye
SRR13489678	PRJNA693337	human eye metagenome	ILLUMINA	AMPLICON	METAGENOMIC	108020	Effects of Intense Pulsed Light on Tear Film TGF-beta and Microbiome in Ocular Rosacea with Dry Eye
SRR13489679	PRJNA693337	human eye metagenome	ILLUMINA	AMPLICON	METAGENOMIC	57898	Effects of Intense Pulsed Light on Tear Film TGF-beta and Microbiome in Ocular Rosacea with Dry Eye
SRR13489680	PRJNA693337	human eye metagenome	ILLUMINA	AMPLICON	METAGENOMIC	34266	Effects of Intense Pulsed Light on Tear Film TGF-beta and Microbiome in Ocular Rosacea with Dry Eye
SRR13489681	PRJNA693337	human eye metagenome	ILLUMINA	AMPLICON	METAGENOMIC	33842	Effects of Intense Pulsed Light on Tear Film TGF-beta and Microbiome in Ocular Rosacea with Dry Eye
SRR13489682	PRJNA693337	human eye metagenome	ILLUMINA	AMPLICON	METAGENOMIC	85448	Effects of Intense Pulsed Light on Tear Film TGF-beta and Microbiome in Ocular Rosacea with Dry Eye
SRR13489683	PRJNA693337	human eye metagenome	ILLUMINA	AMPLICON	METAGENOMIC	126815	Effects of Intense Pulsed Light on Tear Film TGF-beta and Microbiome in Ocular Rosacea with Dry Eye
SRR13489684	PRJNA693337	human eye metagenome	ILLUMINA	AMPLICON	METAGENOMIC	113696	Effects of Intense Pulsed Light on Tear Film TGF-beta and Microbiome in Ocular Rosacea with Dry Eye
SRR13489685	PRJNA693337	human eye metagenome	ILLUMINA	AMPLICON	METAGENOMIC	126039	Effects of Intense Pulsed Light on Tear Film TGF-beta and Microbiome in Ocular Rosacea with Dry Eye
SRR13489686	PRJNA693337	human eye metagenome	ILLUMINA	AMPLICON	METAGENOMIC	50433	Effects of Intense Pulsed Light on Tear Film TGF-beta and Microbiome in Ocular Rosacea with Dry Eye
SRR13489687	PRJNA693337	human eye metagenome	ILLUMINA	AMPLICON	METAGENOMIC	92389	Effects of Intense Pulsed Light on Tear Film TGF-beta and Microbiome in Ocular Rosacea with Dry Eye
SRR13489688	PRJNA693337	human eye metagenome	ILLUMINA	AMPLICON	METAGENOMIC	70512	Effects of Intense Pulsed Light on Tear Film TGF-beta and Microbiome in Ocular Rosacea with Dry Eye
SRR13489689	PRJNA693337	human eye metagenome	ILLUMINA	AMPLICON	METAGENOMIC	100080	Effects of Intense Pulsed Light on Tear Film TGF-beta and Microbiome in Ocular Rosacea with Dry Eye
SRR13489690	PRJNA693337	human eye metagenome	ILLUMINA	AMPLICON	METAGENOMIC	107782	Effects of Intense Pulsed Light on Tear Film TGF-beta and Microbiome in Ocular Rosacea with Dry Eye
SRR13489691	PRJNA693337	human eye metagenome	ILLUMINA	AMPLICON	METAGENOMIC	74390	Effects of Intense Pulsed Light on Tear Film TGF-beta and Microbiome in Ocular Rosacea with Dry Eye
SRR13489692	PRJNA693337	human eye metagenome	ILLUMINA	AMPLICON	METAGENOMIC	173496	Effects of Intense Pulsed Light on Tear Film TGF-beta and Microbiome in Ocular Rosacea with Dry Eye
SRR13489693	PRJNA693337	human eye metagenome	ILLUMINA	AMPLICON	METAGENOMIC	216905	Effects of Intense Pulsed Light on Tear Film TGF-beta and Microbiome in Ocular Rosacea with Dry Eye
SRR13489694	PRJNA693337	human eye metagenome	ILLUMINA	AMPLICON	METAGENOMIC	49380	Effects of Intense Pulsed Light on Tear Film TGF-beta and Microbiome in Ocular Rosacea with Dry Eye
SRR13489695	PRJNA693337	human eye metagenome	ILLUMINA	AMPLICON	METAGENOMIC	68193	Effects of Intense Pulsed Light on Tear Film TGF-beta and Microbiome in Ocular Rosacea with Dry Eye
SRR13489696	PRJNA693337	human eye metagenome	ILLUMINA	AMPLICON	METAGENOMIC	51874	Effects of Intense Pulsed Light on Tear Film TGF-beta and Microbiome in Ocular Rosacea with Dry Eye
SRR13489697	PRJNA693337	human eye metagenome	ILLUMINA	AMPLICON	METAGENOMIC	149671	Effects of Intense Pulsed Light on Tear Film TGF-beta and Microbiome in Ocular Rosacea with Dry Eye
SRR13489698	PRJNA693337	human eye metagenome	ILLUMINA	AMPLICON	METAGENOMIC	42447	Effects of Intense Pulsed Light on Tear Film TGF-beta and Microbiome in Ocular Rosacea with Dry Eye
SRR13489699	PRJNA693337	human eye metagenome	ILLUMINA	AMPLICON	METAGENOMIC	57199	Effects of Intense Pulsed Light on Tear Film TGF-beta and Microbiome in Ocular Rosacea with Dry Eye
SRR13489700	PRJNA693337	human eye metagenome	ILLUMINA	AMPLICON	METAGENOMIC	176634	Effects of Intense Pulsed Light on Tear Film TGF-beta and Microbiome in Ocular Rosacea with Dry Eye
SRR13489701	PRJNA693337	human eye metagenome	ILLUMINA	AMPLICON	METAGENOMIC	100836	Effects of Intense Pulsed Light on Tear Film TGF-beta and Microbiome in Ocular Rosacea with Dry Eye
SRR13489702	PRJNA693337	human eye metagenome	ILLUMINA	AMPLICON	METAGENOMIC	76852	Effects of Intense Pulsed Light on Tear Film TGF-beta and Microbiome in Ocular Rosacea with Dry Eye
SRR13489703	PRJNA693337	human eye metagenome	ILLUMINA	AMPLICON	METAGENOMIC	45383	Effects of Intense Pulsed Light on Tear Film TGF-beta and Microbiome in Ocular Rosacea with Dry Eye
SRR13489704	PRJNA693337	human eye metagenome	ILLUMINA	AMPLICON	METAGENOMIC	81956	Effects of Intense Pulsed Light on Tear Film TGF-beta and Microbiome in Ocular Rosacea with Dry Eye
SRR13489705	PRJNA693337	human eye metagenome	ILLUMINA	AMPLICON	METAGENOMIC	179914	Effects of Intense Pulsed Light on Tear Film TGF-beta and Microbiome in Ocular Rosacea with Dry Eye
SRR13489706	PRJNA693337	human eye metagenome	ILLUMINA	AMPLICON	METAGENOMIC	176439	Effects of Intense Pulsed Light on Tear Film TGF-beta and Microbiome in Ocular Rosacea with Dry Eye
SRR13489707	PRJNA693337	human eye metagenome	ILLUMINA	AMPLICON	METAGENOMIC	86662	Effects of Intense Pulsed Light on Tear Film TGF-beta and Microbiome in Ocular Rosacea with Dry Eye
SRR13489708	PRJNA693337	human eye metagenome	ILLUMINA	AMPLICON	METAGENOMIC	62841	Effects of Intense Pulsed Light on Tear Film TGF-beta and Microbiome in Ocular Rosacea with Dry Eye
SRR13489709	PRJNA693337	human eye metagenome	ILLUMINA	AMPLICON	METAGENOMIC	265997	Effects of Intense Pulsed Light on Tear Film TGF-beta and Microbiome in Ocular Rosacea with Dry Eye
SRR13489710	PRJNA693337	human eye metagenome	ILLUMINA	AMPLICON	METAGENOMIC	174648	Effects of Intense Pulsed Light on Tear Film TGF-beta and Microbiome in Ocular Rosacea with Dry Eye
SRR13489711	PRJNA693337	human eye metagenome	ILLUMINA	AMPLICON	METAGENOMIC	32503	Effects of Intense Pulsed Light on Tear Film TGF-beta and Microbiome in Ocular Rosacea with Dry Eye
SRR13489712	PRJNA693337	human eye metagenome	ILLUMINA	AMPLICON	METAGENOMIC	46104	Effects of Intense Pulsed Light on Tear Film TGF-beta and Microbiome in Ocular Rosacea with Dry Eye
SRR13489713	PRJNA693337	human eye metagenome	ILLUMINA	AMPLICON	METAGENOMIC	44919	Effects of Intense Pulsed Light on Tear Film TGF-beta and Microbiome in Ocular Rosacea with Dry Eye
SRR13489714	PRJNA693337	human eye metagenome	ILLUMINA	AMPLICON	METAGENOMIC	98780	Effects of Intense Pulsed Light on Tear Film TGF-beta and Microbiome in Ocular Rosacea with Dry Eye
SRR13489715	PRJNA693337	human eye metagenome	ILLUMINA	AMPLICON	METAGENOMIC	77621	Effects of Intense Pulsed Light on Tear Film TGF-beta and Microbiome in Ocular Rosacea with Dry Eye
SRR13489716	PRJNA693337	human eye metagenome	ILLUMINA	AMPLICON	METAGENOMIC	170364	Effects of Intense Pulsed Light on Tear Film TGF-beta and Microbiome in Ocular Rosacea with Dry Eye
SRR13489717	PRJNA693337	human eye metagenome	ILLUMINA	AMPLICON	METAGENOMIC	107936	Effects of Intense Pulsed Light on Tear Film TGF-beta and Microbiome in Ocular Rosacea with Dry Eye
SRR13489718	PRJNA693337	human eye metagenome	ILLUMINA	AMPLICON	METAGENOMIC	156756	Effects of Intense Pulsed Light on Tear Film TGF-beta and Microbiome in Ocular Rosacea with Dry Eye
SRR13489719	PRJNA693337	human eye metagenome	ILLUMINA	AMPLICON	METAGENOMIC	259476	Effects of Intense Pulsed Light on Tear Film TGF-beta and Microbiome in Ocular Rosacea with Dry Eye
SRR13489720	PRJNA693337	human eye metagenome	ILLUMINA	AMPLICON	METAGENOMIC	86356	Effects of Intense Pulsed Light on Tear Film TGF-beta and Microbiome in Ocular Rosacea with Dry Eye
SRR13489721	PRJNA693337	human eye metagenome	ILLUMINA	AMPLICON	METAGENOMIC	129175	Effects of Intense Pulsed Light on Tear Film TGF-beta and Microbiome in Ocular Rosacea with Dry Eye
SRR13489722	PRJNA693337	human eye metagenome	ILLUMINA	AMPLICON	METAGENOMIC	99926	Effects of Intense Pulsed Light on Tear Film TGF-beta and Microbiome in Ocular Rosacea with Dry Eye
SRR13489723	PRJNA693337	human eye metagenome	ILLUMINA	AMPLICON	METAGENOMIC	100558	Effects of Intense Pulsed Light on Tear Film TGF-beta and Microbiome in Ocular Rosacea with Dry Eye
SRR13489724	PRJNA693337	human eye metagenome	ILLUMINA	AMPLICON	METAGENOMIC	31959	Effects of Intense Pulsed Light on Tear Film TGF-beta and Microbiome in Ocular Rosacea with Dry Eye
SRR13489725	PRJNA693337	human eye metagenome	ILLUMINA	AMPLICON	METAGENOMIC	236840	Effects of Intense Pulsed Light on Tear Film TGF-beta and Microbiome in Ocular Rosacea with Dry Eye
SRR13489726	PRJNA693337	human eye metagenome	ILLUMINA	AMPLICON	METAGENOMIC	97109	Effects of Intense Pulsed Light on Tear Film TGF-beta and Microbiome in Ocular Rosacea with Dry Eye
SRR13489727	PRJNA693337	human eye metagenome	ILLUMINA	AMPLICON	METAGENOMIC	215775	Effects of Intense Pulsed Light on Tear Film TGF-beta and Microbiome in Ocular Rosacea with Dry Eye
SRR13489728	PRJNA693337	human eye metagenome	ILLUMINA	AMPLICON	METAGENOMIC	250726	Effects of Intense Pulsed Light on Tear Film TGF-beta and Microbiome in Ocular Rosacea with Dry Eye
SRR13489729	PRJNA693337	human eye metagenome	ILLUMINA	AMPLICON	METAGENOMIC	67736	Effects of Intense Pulsed Light on Tear Film TGF-beta and Microbiome in Ocular Rosacea with Dry Eye
SRR13489730	PRJNA693337	human eye metagenome	ILLUMINA	AMPLICON	METAGENOMIC	47721	Effects of Intense Pulsed Light on Tear Film TGF-beta and Microbiome in Ocular Rosacea with Dry Eye
SRR13489731	PRJNA693337	human eye metagenome	ILLUMINA	AMPLICON	METAGENOMIC	33348	Effects of Intense Pulsed Light on Tear Film TGF-beta and Microbiome in Ocular Rosacea with Dry Eye
SRR13489732	PRJNA693337	human eye metagenome	ILLUMINA	AMPLICON	METAGENOMIC	99193	Effects of Intense Pulsed Light on Tear Film TGF-beta and Microbiome in Ocular Rosacea with Dry Eye
SRR13489733	PRJNA693337	human eye metagenome	ILLUMINA	AMPLICON	METAGENOMIC	160594	Effects of Intense Pulsed Light on Tear Film TGF-beta and Microbiome in Ocular Rosacea with Dry Eye
SRR13489734	PRJNA693337	human eye metagenome	ILLUMINA	AMPLICON	METAGENOMIC	62626	Effects of Intense Pulsed Light on Tear Film TGF-beta and Microbiome in Ocular Rosacea with Dry Eye
SRR13489735	PRJNA693337	human eye metagenome	ILLUMINA	AMPLICON	METAGENOMIC	86348	Effects of Intense Pulsed Light on Tear Film TGF-beta and Microbiome in Ocular Rosacea with Dry Eye
SRR13489736	PRJNA693337	human eye metagenome	ILLUMINA	AMPLICON	METAGENOMIC	121331	Effects of Intense Pulsed Light on Tear Film TGF-beta and Microbiome in Ocular Rosacea with Dry Eye
SRR13489737	PRJNA693337	human eye metagenome	ILLUMINA	AMPLICON	METAGENOMIC	48831	Effects of Intense Pulsed Light on Tear Film TGF-beta and Microbiome in Ocular Rosacea with Dry Eye
SRR13489738	PRJNA693337	human eye metagenome	ILLUMINA	AMPLICON	METAGENOMIC	41184	Effects of Intense Pulsed Light on Tear Film TGF-beta and Microbiome in Ocular Rosacea with Dry Eye
SRR13489739	PRJNA693337	human eye metagenome	ILLUMINA	AMPLICON	METAGENOMIC	71730	Effects of Intense Pulsed Light on Tear Film TGF-beta and Microbiome in Ocular Rosacea with Dry Eye
SRR13489740	PRJNA693337	human eye metagenome	ILLUMINA	AMPLICON	METAGENOMIC	38977	Effects of Intense Pulsed Light on Tear Film TGF-beta and Microbiome in Ocular Rosacea with Dry Eye
ERR1040388	PRJEB11170	human gut metagenome	ILLUMINA	OTHER	METAGENOMIC	89072	unspecified sequencing; qiime_ppdid_586:10288.000030310
ERR1040354	PRJEB11170	human gut metagenome	ILLUMINA	OTHER	METAGENOMIC	52557	unspecified sequencing; qiime_ppdid_586:10288.000029504
ERR1040254	PRJEB11170	human gut metagenome	ILLUMINA	OTHER	METAGENOMIC	127811	unspecified sequencing; qiime_ppdid_586:10288.000028744
SRR34409799	PRJNA1288008	metagenome	ILLUMINA	AMPLICON	METAGENOMIC	64140	mycobiome of skin
SRR34409800	PRJNA1288008	metagenome	ILLUMINA	AMPLICON	METAGENOMIC	50083	mycobiome of skin
SRR34409801	PRJNA1288008	metagenome	ILLUMINA	AMPLICON	METAGENOMIC	49154	mycobiome of skin
SRR34409802	PRJNA1288008	metagenome	ILLUMINA	AMPLICON	METAGENOMIC	141704	mycobiome of stool
SRR34409803	PRJNA1288008	metagenome	ILLUMINA	AMPLICON	METAGENOMIC	134670	mycobiome of stool
SRR34409804	PRJNA1288008	metagenome	ILLUMINA	AMPLICON	METAGENOMIC	222979	mycobiome of stool
SRR34409805	PRJNA1288008	metagenome	ILLUMINA	AMPLICON	METAGENOMIC	136607	mycobiome of stool
SRR34409806	PRJNA1288008	metagenome	ILLUMINA	AMPLICON	METAGENOMIC	151108	mycobiome of stool
SRR34409807	PRJNA1288008	metagenome	ILLUMINA	AMPLICON	METAGENOMIC	98494	mycobiome of stool
SRR34409808	PRJNA1288008	metagenome	ILLUMINA	AMPLICON	METAGENOMIC	116349	mycobiome of skin
SRR34409809	PRJNA1288008	metagenome	ILLUMINA	AMPLICON	METAGENOMIC	70834	mycobiome of stool
SRR34409810	PRJNA1288008	metagenome	ILLUMINA	AMPLICON	METAGENOMIC	140808	mycobiome of stool
SRR34409811	PRJNA1288008	metagenome	ILLUMINA	AMPLICON	METAGENOMIC	92989	mycobiome of blood
SRR34409812	PRJNA1288008	metagenome	ILLUMINA	AMPLICON	METAGENOMIC	105790	mycobiome of blood
SRR34409813	PRJNA1288008	metagenome	ILLUMINA	AMPLICON	METAGENOMIC	48799	mycobiome of blood
SRR34409814	PRJNA1288008	metagenome	ILLUMINA	AMPLICON	METAGENOMIC	176862	mycobiome of blood
SRR34409815	PRJNA1288008	metagenome	ILLUMINA	AMPLICON	METAGENOMIC	65923	mycobiome of blood
SRR34409816	PRJNA1288008	metagenome	ILLUMINA	AMPLICON	METAGENOMIC	90704	mycobiome of blood
SRR34409817	PRJNA1288008	metagenome	ILLUMINA	AMPLICON	METAGENOMIC	134036	mycobiome of blood
SRR34409818	PRJNA1288008	metagenome	ILLUMINA	AMPLICON	METAGENOMIC	149793	mycobiome of blood
SRR34409819	PRJNA1288008	metagenome	ILLUMINA	AMPLICON	METAGENOMIC	90421	mycobiome of skin
SRR34409820	PRJNA1288008	metagenome	ILLUMINA	AMPLICON	METAGENOMIC	37522	mycobiome of skin
SRR34409821	PRJNA1288008	metagenome	ILLUMINA	AMPLICON	METAGENOMIC	82901	mycobiome of skin
SRR34409822	PRJNA1288008	metagenome	ILLUMINA	AMPLICON	METAGENOMIC	104282	mycobiome of skin
SRR34409823	PRJNA1288008	metagenome	ILLUMINA	AMPLICON	METAGENOMIC	47511	mycobiome of skin
SRR34409824	PRJNA1288008	metagenome	ILLUMINA	AMPLICON	METAGENOMIC	97435	mycobiome of skin
SRR34409825	PRJNA1288008	metagenome	ILLUMINA	AMPLICON	METAGENOMIC	76180	mycobiome of skin
SRR34409826	PRJNA1288008	metagenome	ILLUMINA	AMPLICON	METAGENOMIC	65323	mycobiome of skin
SRR34409827	PRJNA1288008	metagenome	ILLUMINA	AMPLICON	METAGENOMIC	318399	mycobiome of skin
SRR34409828	PRJNA1288008	metagenome	ILLUMINA	AMPLICON	METAGENOMIC	207573	mycobiome of stool
SRR34409829	PRJNA1288008	metagenome	ILLUMINA	AMPLICON	METAGENOMIC	66862	mycobiome of stool
SRR34409830	PRJNA1288008	metagenome	ILLUMINA	AMPLICON	METAGENOMIC	58594	mycobiome of skin
SRR34409831	PRJNA1288008	metagenome	ILLUMINA	AMPLICON	METAGENOMIC	131385	mycobiome of stool
SRR34409832	PRJNA1288008	metagenome	ILLUMINA	AMPLICON	METAGENOMIC	50375	mycobiome of stool
SRR34409833	PRJNA1288008	metagenome	ILLUMINA	AMPLICON	METAGENOMIC	69481	mycobiome of stool
SRR34409834	PRJNA1288008	metagenome	ILLUMINA	AMPLICON	METAGENOMIC	93985	mycobiome of stool
SRR34409835	PRJNA1288008	metagenome	ILLUMINA	AMPLICON	METAGENOMIC	139939	mycobiome of stool
SRR34409836	PRJNA1288008	metagenome	ILLUMINA	AMPLICON	METAGENOMIC	101491	mycobiome of stool
SRR34409837	PRJNA1288008	metagenome	ILLUMINA	AMPLICON	METAGENOMIC	89336	mycobiome of stool
SRR34409838	PRJNA1288008	metagenome	ILLUMINA	AMPLICON	METAGENOMIC	148299	mycobiome of stool
SRR34409839	PRJNA1288008	metagenome	ILLUMINA	AMPLICON	METAGENOMIC	161034	mycobiome of stool
SRR34409840	PRJNA1288008	metagenome	ILLUMINA	AMPLICON	METAGENOMIC	138300	mycobiome of stool
SRR34409841	PRJNA1288008	metagenome	ILLUMINA	AMPLICON	METAGENOMIC	92377	mycobiome of skin
SRR34409842	PRJNA1288008	metagenome	ILLUMINA	AMPLICON	METAGENOMIC	49741	mycobiome of stool
SRR34409843	PRJNA1288008	metagenome	ILLUMINA	AMPLICON	METAGENOMIC	81486	mycobiome of stool
SRR34409844	PRJNA1288008	metagenome	ILLUMINA	AMPLICON	METAGENOMIC	124583	mycobiome of blood
SRR34409845	PRJNA1288008	metagenome	ILLUMINA	AMPLICON	METAGENOMIC	199096	mycobiome of blood
SRR34409846	PRJNA1288008	metagenome	ILLUMINA	AMPLICON	METAGENOMIC	75584	mycobiome of blood
SRR34409847	PRJNA1288008	metagenome	ILLUMINA	AMPLICON	METAGENOMIC	61696	mycobiome of blood
SRR34409848	PRJNA1288008	metagenome	ILLUMINA	AMPLICON	METAGENOMIC	92969	mycobiome of blood
SRR34409849	PRJNA1288008	metagenome	ILLUMINA	AMPLICON	METAGENOMIC	142850	mycobiome of blood
SRR34409850	PRJNA1288008	metagenome	ILLUMINA	AMPLICON	METAGENOMIC	106096	mycobiome of blood
SRR34409851	PRJNA1288008	metagenome	ILLUMINA	AMPLICON	METAGENOMIC	65546	mycobiome of blood
SRR34409852	PRJNA1288008	metagenome	ILLUMINA	AMPLICON	METAGENOMIC	60825	mycobiome of skin
SRR34409853	PRJNA1288008	metagenome	ILLUMINA	AMPLICON	METAGENOMIC	126762	mycobiome of blood
SRR34409854	PRJNA1288008	metagenome	ILLUMINA	AMPLICON	METAGENOMIC	97713	mycobiome of blood
SRR34409855	PRJNA1288008	metagenome	ILLUMINA	AMPLICON	METAGENOMIC	134168	mycobiome of blood
SRR34409856	PRJNA1288008	metagenome	ILLUMINA	AMPLICON	METAGENOMIC	104173	mycobiome of blood
SRR34409857	PRJNA1288008	metagenome	ILLUMINA	AMPLICON	METAGENOMIC	110444	mycobiome of blood
SRR34409858	PRJNA1288008	metagenome	ILLUMINA	AMPLICON	METAGENOMIC	135692	mycobiome of blood
SRR34409859	PRJNA1288008	metagenome	ILLUMINA	AMPLICON	METAGENOMIC	29405	mycobiome of skin
SRR34409860	PRJNA1288008	metagenome	ILLUMINA	AMPLICON	METAGENOMIC	103413	mycobiome of skin
SRR34409861	PRJNA1288008	metagenome	ILLUMINA	AMPLICON	METAGENOMIC	98594	mycobiome of skin
SRR34409862	PRJNA1288008	metagenome	ILLUMINA	AMPLICON	METAGENOMIC	86343	mycobiome of skin
SRR34409863	PRJNA1288008	metagenome	ILLUMINA	AMPLICON	METAGENOMIC	56636	mycobiome of skin
SRR34409864	PRJNA1288008	metagenome	ILLUMINA	AMPLICON	METAGENOMIC	93448	mycobiome of skin
SRR31535441	PRJNA1191396	human gut metagenome	ILLUMINA	AMPLICON	METAGENOMIC	63971	ETR6
SRR31535442	PRJNA1191396	human gut metagenome	ILLUMINA	AMPLICON	METAGENOMIC	57697	ETR4
SRR31535443	PRJNA1191396	human gut metagenome	ILLUMINA	AMPLICON	METAGENOMIC	68769	ETR2
SRR31535444	PRJNA1191396	human gut metagenome	ILLUMINA	AMPLICON	METAGENOMIC	59641	ETR1
SRR31535445	PRJNA1191396	human gut metagenome	ILLUMINA	AMPLICON	METAGENOMIC	71485	ETRA7
SRR31535446	PRJNA1191396	human gut metagenome	ILLUMINA	AMPLICON	METAGENOMIC	60774	ETRA6
SRR31535447	PRJNA1191396	human gut metagenome	ILLUMINA	AMPLICON	METAGENOMIC	73069	con-14
SRR31535448	PRJNA1191396	human gut metagenome	ILLUMINA	AMPLICON	METAGENOMIC	78236	con-13
SRR31535449	PRJNA1191396	human gut metagenome	ILLUMINA	AMPLICON	METAGENOMIC	80927	con-12
SRR31535450	PRJNA1191396	human gut metagenome	ILLUMINA	AMPLICON	METAGENOMIC	81097	con-11
SRR31535451	PRJNA1191396	human gut metagenome	ILLUMINA	AMPLICON	METAGENOMIC	55157	ETRA5
SRR31535452	PRJNA1191396	human gut metagenome	ILLUMINA	AMPLICON	METAGENOMIC	71769	con-10
SRR31535453	PRJNA1191396	human gut metagenome	ILLUMINA	AMPLICON	METAGENOMIC	90031	con-9
SRR31535454	PRJNA1191396	human gut metagenome	ILLUMINA	AMPLICON	METAGENOMIC	91567	con-8
SRR31535455	PRJNA1191396	human gut metagenome	ILLUMINA	AMPLICON	METAGENOMIC	67595	con-7
SRR31535456	PRJNA1191396	human gut metagenome	ILLUMINA	AMPLICON	METAGENOMIC	76659	con-6
SRR31535457	PRJNA1191396	human gut metagenome	ILLUMINA	AMPLICON	METAGENOMIC	62635	con-5
SRR31535458	PRJNA1191396	human gut metagenome	ILLUMINA	AMPLICON	METAGENOMIC	80888	con-4
SRR31535459	PRJNA1191396	human gut metagenome	ILLUMINA	AMPLICON	METAGENOMIC	73220	con-3
SRR31535460	PRJNA1191396	human gut metagenome	ILLUMINA	AMPLICON	METAGENOMIC	72881	con-2
SRR31535461	PRJNA1191396	human gut metagenome	ILLUMINA	AMPLICON	METAGENOMIC	77491	con-1
SRR31535462	PRJNA1191396	human gut metagenome	ILLUMINA	AMPLICON	METAGENOMIC	80497	ETRA4
SRR31535463	PRJNA1191396	human gut metagenome	ILLUMINA	AMPLICON	METAGENOMIC	66628	PPR3
SRR31535464	PRJNA1191396	human gut metagenome	ILLUMINA	AMPLICON	METAGENOMIC	66363	PPR1
SRR31535465	PRJNA1191396	human gut metagenome	ILLUMINA	AMPLICON	METAGENOMIC	110782	PPRA9
SRR31535466	PRJNA1191396	human gut metagenome	ILLUMINA	AMPLICON	METAGENOMIC	54086	PPRA8
SRR31535467	PRJNA1191396	human gut metagenome	ILLUMINA	AMPLICON	METAGENOMIC	60794	PPRA7
SRR31535468	PRJNA1191396	human gut metagenome	ILLUMINA	AMPLICON	METAGENOMIC	49865	PPRA6
SRR31535469	PRJNA1191396	human gut metagenome	ILLUMINA	AMPLICON	METAGENOMIC	55403	PPRA2
SRR31535470	PRJNA1191396	human gut metagenome	ILLUMINA	AMPLICON	METAGENOMIC	67148	ETR9
SRR31535471	PRJNA1191396	human gut metagenome	ILLUMINA	AMPLICON	METAGENOMIC	66731	ETR8
SRR31535472	PRJNA1191396	human gut metagenome	ILLUMINA	AMPLICON	METAGENOMIC	59449	ETR7
SRR31535473	PRJNA1191396	human gut metagenome	ILLUMINA	AMPLICON	METAGENOMIC	69119	ETRA3
SRR31535474	PRJNA1191396	human gut metagenome	ILLUMINA	AMPLICON	METAGENOMIC	76858	ETRA2
SRR27696119	PRJNA318594	Staphylococcus pseudintermedius	ILLUMINA	WGS	GENOMIC	1041863	WGS of Staphylococcus pseudintermedius
SRR21574815	PRJNA879945	human eye metagenome	ILLUMINA	AMPLICON	METAGENOMIC	50072	RNA-Seq of microbiota: ocular surface in patients with Demodex blepharitis
SRR21574816	PRJNA879945	human eye metagenome	ILLUMINA	AMPLICON	METAGENOMIC	80010	RNA-Seq of microbiota: ocular surface in patients with Demodex blepharitis
SRR21574817	PRJNA879945	human eye metagenome	ILLUMINA	AMPLICON	METAGENOMIC	84758	RNA-Seq of microbiota: ocular surface in patients with Demodex blepharitis
SRR21574818	PRJNA879945	human eye metagenome	ILLUMINA	AMPLICON	METAGENOMIC	76884	RNA-Seq of microbiota: ocular surface in patients with Demodex blepharitis
SRR21574819	PRJNA879945	human eye metagenome	ILLUMINA	AMPLICON	METAGENOMIC	26561	RNA-Seq of microbiota: ocular surface in patients with Demodex blepharitis
SRR21574820	PRJNA879945	human eye metagenome	ILLUMINA	AMPLICON	METAGENOMIC	7482	RNA-Seq of microbiota: ocular surface in patients with Demodex blepharitis
SRR21574821	PRJNA879945	human eye metagenome	ILLUMINA	AMPLICON	METAGENOMIC	66385	RNA-Seq of microbiota: ocular surface in patients with Demodex blepharitis
SRR21574822	PRJNA879945	human eye metagenome	ILLUMINA	AMPLICON	METAGENOMIC	63499	RNA-Seq of microbiota: ocular surface in patients with Demodex blepharitis
SRR21574823	PRJNA879945	human eye metagenome	ILLUMINA	AMPLICON	METAGENOMIC	86721	RNA-Seq of microbiota: ocular surface in patients with Demodex blepharitis
SRR21574824	PRJNA879945	human eye metagenome	ILLUMINA	AMPLICON	METAGENOMIC	71729	RNA-Seq of microbiota: ocular surface in patients with Demodex blepharitis
SRR21574825	PRJNA879945	human eye metagenome	ILLUMINA	AMPLICON	METAGENOMIC	75986	RNA-Seq of microbiota: ocular surface in patients with Demodex blepharitis
SRR21574826	PRJNA879945	human eye metagenome	ILLUMINA	AMPLICON	METAGENOMIC	75859	RNA-Seq of microbiota: ocular surface in patients with Demodex blepharitis
SRR21574827	PRJNA879945	human eye metagenome	ILLUMINA	AMPLICON	METAGENOMIC	59362	RNA-Seq of microbiota: ocular surface in patients with Demodex blepharitis
SRR21574828	PRJNA879945	human eye metagenome	ILLUMINA	AMPLICON	METAGENOMIC	62463	RNA-Seq of microbiota: ocular surface in patients with Demodex blepharitis
SRR21574829	PRJNA879945	human eye metagenome	ILLUMINA	AMPLICON	METAGENOMIC	71074	RNA-Seq of microbiota: ocular surface in patients with Demodex blepharitis
SRR21574830	PRJNA879945	human eye metagenome	ILLUMINA	AMPLICON	METAGENOMIC	81211	RNA-Seq of microbiota: ocular surface in patients with Demodex blepharitis
SRR21574831	PRJNA879945	human eye metagenome	ILLUMINA	AMPLICON	METAGENOMIC	73297	RNA-Seq of microbiota: ocular surface in patients with Demodex blepharitis
SRR21574832	PRJNA879945	human eye metagenome	ILLUMINA	AMPLICON	METAGENOMIC	76169	RNA-Seq of microbiota: ocular surface in patients with Demodex blepharitis
SRR21574833	PRJNA879945	human eye metagenome	ILLUMINA	AMPLICON	METAGENOMIC	53177	RNA-Seq of microbiota: ocular surface in patients with Demodex blepharitis
SRR21574834	PRJNA879945	human eye metagenome	ILLUMINA	AMPLICON	METAGENOMIC	68990	RNA-Seq of microbiota: ocular surface in patients with Demodex blepharitis
SRR21574835	PRJNA879945	human eye metagenome	ILLUMINA	AMPLICON	METAGENOMIC	64644	RNA-Seq of microbiota: ocular surface in patients with Demodex blepharitis
SRR21574836	PRJNA879945	human eye metagenome	ILLUMINA	AMPLICON	METAGENOMIC	78609	RNA-Seq of microbiota: ocular surface in patients with Demodex blepharitis
SRR21574837	PRJNA879945	human eye metagenome	ILLUMINA	AMPLICON	METAGENOMIC	72632	RNA-Seq of microbiota: ocular surface in patients with Demodex blepharitis
SRR21574838	PRJNA879945	human eye metagenome	ILLUMINA	AMPLICON	METAGENOMIC	76669	RNA-Seq of microbiota: ocular surface in patients with Demodex blepharitis
SRR21574839	PRJNA879945	human eye metagenome	ILLUMINA	AMPLICON	METAGENOMIC	65230	RNA-Seq of microbiota: ocular surface in patients with Demodex blepharitis
SRR21574840	PRJNA879945	human eye metagenome	ILLUMINA	AMPLICON	METAGENOMIC	66414	RNA-Seq of microbiota: ocular surface in patients with Demodex blepharitis
SRR21574841	PRJNA879945	human eye metagenome	ILLUMINA	AMPLICON	METAGENOMIC	77648	RNA-Seq of microbiota: ocular surface in patients with Demodex blepharitis
SRR21574842	PRJNA879945	human eye metagenome	ILLUMINA	AMPLICON	METAGENOMIC	59315	RNA-Seq of microbiota: ocular surface in patients with Demodex blepharitis
SRR21574843	PRJNA879945	human eye metagenome	ILLUMINA	AMPLICON	METAGENOMIC	69060	RNA-Seq of microbiota: ocular surface in patients with Demodex blepharitis
SRR21574844	PRJNA879945	human eye metagenome	ILLUMINA	AMPLICON	METAGENOMIC	78630	RNA-Seq of microbiota: ocular surface in patients with Demodex blepharitis
SRR21574845	PRJNA879945	human eye metagenome	ILLUMINA	AMPLICON	METAGENOMIC	73053	RNA-Seq of microbiota: ocular surface in patients with Demodex blepharitis
SRR21574846	PRJNA879945	human eye metagenome	ILLUMINA	AMPLICON	METAGENOMIC	33427	RNA-Seq of microbiota: ocular surface in patients with Demodex blepharitis
SRR21574847	PRJNA879945	human eye metagenome	ILLUMINA	AMPLICON	METAGENOMIC	50193	RNA-Seq of microbiota: ocular surface in patients with Demodex blepharitis
SRR21574848	PRJNA879945	human eye metagenome	ILLUMINA	AMPLICON	METAGENOMIC	66458	RNA-Seq of microbiota: ocular surface in patients with Demodex blepharitis
SRR21574849	PRJNA879945	human eye metagenome	ILLUMINA	AMPLICON	METAGENOMIC	62218	RNA-Seq of microbiota: ocular surface in patients with Demodex blepharitis
SRR21574850	PRJNA879945	human eye metagenome	ILLUMINA	AMPLICON	METAGENOMIC	62382	RNA-Seq of microbiota: ocular surface in patients with Demodex blepharitis
SRR21574851	PRJNA879945	human eye metagenome	ILLUMINA	AMPLICON	METAGENOMIC	80776	RNA-Seq of microbiota: ocular surface in patients with Demodex blepharitis
SRR21574852	PRJNA879945	human eye metagenome	ILLUMINA	AMPLICON	METAGENOMIC	64134	RNA-Seq of microbiota: ocular surface in patients with Demodex blepharitis
SRR21574853	PRJNA879945	human eye metagenome	ILLUMINA	AMPLICON	METAGENOMIC	47472	RNA-Seq of microbiota: ocular surface in patients with Demodex blepharitis
SRR21574854	PRJNA879945	human eye metagenome	ILLUMINA	AMPLICON	METAGENOMIC	47175	RNA-Seq of microbiota: ocular surface in patients with Demodex blepharitis
SRR21574855	PRJNA879945	human eye metagenome	ILLUMINA	AMPLICON	METAGENOMIC	66462	RNA-Seq of microbiota: ocular surface in patients with Demodex blepharitis
SRR21574856	PRJNA879945	human eye metagenome	ILLUMINA	AMPLICON	METAGENOMIC	43606	RNA-Seq of microbiota: ocular surface in patients with Demodex blepharitis
SRR20462420	PRJNA861245	mouse skin metagenome	ILLUMINA	AMPLICON	METAGENOMIC	180657	16S amplicon sequencing of skin bacteria in demodex mice: KO.Inoculum2
SRR20462421	PRJNA861245	mouse skin metagenome	ILLUMINA	AMPLICON	METAGENOMIC	186148	16S amplicon sequencing of skin bacteria in demodex mice: KO.Inoculum1
SRR20462422	PRJNA861245	mouse skin metagenome	ILLUMINA	AMPLICON	METAGENOMIC	170308	16S amplicon sequencing of skin bacteria in demodex mice: Background8
SRR20462423	PRJNA861245	mouse skin metagenome	ILLUMINA	AMPLICON	METAGENOMIC	42195	16S amplicon sequencing of skin bacteria in demodex mice: Background7
SRR20462424	PRJNA861245	mouse skin metagenome	ILLUMINA	AMPLICON	METAGENOMIC	518	16S amplicon sequencing of skin bacteria in demodex mice: None7
SRR20462425	PRJNA861245	mouse skin metagenome	ILLUMINA	AMPLICON	METAGENOMIC	550	16S amplicon sequencing of skin bacteria in demodex mice: None6
SRR20462426	PRJNA861245	mouse skin metagenome	ILLUMINA	AMPLICON	METAGENOMIC	2	16S amplicon sequencing of skin bacteria in demodex mice: None5
SRR20462427	PRJNA861245	mouse skin metagenome	ILLUMINA	AMPLICON	METAGENOMIC	841	16S amplicon sequencing of skin bacteria in demodex mice: None4
SRR20462428	PRJNA861245	mouse skin metagenome	ILLUMINA	AMPLICON	METAGENOMIC	573	16S amplicon sequencing of skin bacteria in demodex mice: None3
SRR20462429	PRJNA861245	mouse skin metagenome	ILLUMINA	AMPLICON	METAGENOMIC	28994	16S amplicon sequencing of skin bacteria in demodex mice: Background6
SRR20462430	PRJNA861245	mouse skin metagenome	ILLUMINA	AMPLICON	METAGENOMIC	866	16S amplicon sequencing of skin bacteria in demodex mice: None2
SRR20462431	PRJNA861245	mouse skin metagenome	ILLUMINA	AMPLICON	METAGENOMIC	317	16S amplicon sequencing of skin bacteria in demodex mice: None1
SRR20462432	PRJNA861245	mouse skin metagenome	ILLUMINA	AMPLICON	METAGENOMIC	176979	16S amplicon sequencing of skin bacteria in demodex mice: KO.Control8
SRR20462436	PRJNA861245	mouse skin metagenome	ILLUMINA	AMPLICON	METAGENOMIC	184509	16S amplicon sequencing of skin bacteria in demodex mice: KO.Control7
SRR20462433	PRJNA861245	mouse skin metagenome	ILLUMINA	AMPLICON	METAGENOMIC	187967	16S amplicon sequencing of skin bacteria in demodex mice: KO.Control6
SRR20462434	PRJNA861245	mouse skin metagenome	ILLUMINA	AMPLICON	METAGENOMIC	193588	16S amplicon sequencing of skin bacteria in demodex mice: KO.Control5
SRR20462435	PRJNA861245	mouse skin metagenome	ILLUMINA	AMPLICON	METAGENOMIC	161638	16S amplicon sequencing of skin bacteria in demodex mice: KO.Control4
SRR20462437	PRJNA861245	mouse skin metagenome	ILLUMINA	AMPLICON	METAGENOMIC	140792	16S amplicon sequencing of skin bacteria in demodex mice: KO.Control3
SRR20462438	PRJNA861245	mouse skin metagenome	ILLUMINA	AMPLICON	METAGENOMIC	144803	16S amplicon sequencing of skin bacteria in demodex mice: KO.Control2
SRR20462439	PRJNA861245	mouse skin metagenome	ILLUMINA	AMPLICON	METAGENOMIC	181707	16S amplicon sequencing of skin bacteria in demodex mice: KO.Control1
SRR20462440	PRJNA861245	mouse skin metagenome	ILLUMINA	AMPLICON	METAGENOMIC	14140	16S amplicon sequencing of skin bacteria in demodex mice: Background5
SRR20462441	PRJNA861245	mouse skin metagenome	ILLUMINA	AMPLICON	METAGENOMIC	164315	16S amplicon sequencing of skin bacteria in demodex mice: WT.Control6
SRR20462442	PRJNA861245	mouse skin metagenome	ILLUMINA	AMPLICON	METAGENOMIC	192412	16S amplicon sequencing of skin bacteria in demodex mice: WT.Control5
SRR20462443	PRJNA861245	mouse skin metagenome	ILLUMINA	AMPLICON	METAGENOMIC	218349	16S amplicon sequencing of skin bacteria in demodex mice: WT.Control4
SRR20462444	PRJNA861245	mouse skin metagenome	ILLUMINA	AMPLICON	METAGENOMIC	173509	16S amplicon sequencing of skin bacteria in demodex mice: WT.Control3
SRR20462445	PRJNA861245	mouse skin metagenome	ILLUMINA	AMPLICON	METAGENOMIC	176868	16S amplicon sequencing of skin bacteria in demodex mice: WT.Control2
SRR20462446	PRJNA861245	mouse skin metagenome	ILLUMINA	AMPLICON	METAGENOMIC	161788	16S amplicon sequencing of skin bacteria in demodex mice: WT.Control1
SRR20462447	PRJNA861245	mouse skin metagenome	ILLUMINA	AMPLICON	METAGENOMIC	166658	16S amplicon sequencing of skin bacteria in demodex mice: KO.Littermate10
SRR20462448	PRJNA861245	mouse skin metagenome	ILLUMINA	AMPLICON	METAGENOMIC	183766	16S amplicon sequencing of skin bacteria in demodex mice: KO.Littermate9
SRR20462449	PRJNA861245	mouse skin metagenome	ILLUMINA	AMPLICON	METAGENOMIC	167683	16S amplicon sequencing of skin bacteria in demodex mice: KO.Littermate8
SRR20462450	PRJNA861245	mouse skin metagenome	ILLUMINA	AMPLICON	METAGENOMIC	173480	16S amplicon sequencing of skin bacteria in demodex mice: KO.Littermate7
SRR20462451	PRJNA861245	mouse skin metagenome	ILLUMINA	AMPLICON	METAGENOMIC	42663	16S amplicon sequencing of skin bacteria in demodex mice: Background4
SRR20462452	PRJNA861245	mouse skin metagenome	ILLUMINA	AMPLICON	METAGENOMIC	186793	16S amplicon sequencing of skin bacteria in demodex mice: KO.Littermate6
SRR20462456	PRJNA861245	mouse skin metagenome	ILLUMINA	AMPLICON	METAGENOMIC	207939	16S amplicon sequencing of skin bacteria in demodex mice: KO.Littermate5
SRR20462453	PRJNA861245	mouse skin metagenome	ILLUMINA	AMPLICON	METAGENOMIC	186754	16S amplicon sequencing of skin bacteria in demodex mice: KO.Littermate4
SRR20462454	PRJNA861245	mouse skin metagenome	ILLUMINA	AMPLICON	METAGENOMIC	153208	16S amplicon sequencing of skin bacteria in demodex mice: KO.Littermate3
SRR20462455	PRJNA861245	mouse skin metagenome	ILLUMINA	AMPLICON	METAGENOMIC	166363	16S amplicon sequencing of skin bacteria in demodex mice: KO.Littermate2
SRR20462457	PRJNA861245	mouse skin metagenome	ILLUMINA	AMPLICON	METAGENOMIC	175538	16S amplicon sequencing of skin bacteria in demodex mice: KO.Littermate1
SRR20462458	PRJNA861245	mouse skin metagenome	ILLUMINA	AMPLICON	METAGENOMIC	170308	16S amplicon sequencing of skin bacteria in demodex mice: KO.CoHoused10
SRR20462459	PRJNA861245	mouse skin metagenome	ILLUMINA	AMPLICON	METAGENOMIC	106487	16S amplicon sequencing of skin bacteria in demodex mice: KO.CoHoused9
SRR20462460	PRJNA861245	mouse skin metagenome	ILLUMINA	AMPLICON	METAGENOMIC	187538	16S amplicon sequencing of skin bacteria in demodex mice: KO.Inoculum6
SRR20462461	PRJNA861245	mouse skin metagenome	ILLUMINA	AMPLICON	METAGENOMIC	153164	16S amplicon sequencing of skin bacteria in demodex mice: KO.CoHoused8
SRR20462462	PRJNA861245	mouse skin metagenome	ILLUMINA	AMPLICON	METAGENOMIC	21439	16S amplicon sequencing of skin bacteria in demodex mice: Background3
SRR20462463	PRJNA861245	mouse skin metagenome	ILLUMINA	AMPLICON	METAGENOMIC	175613	16S amplicon sequencing of skin bacteria in demodex mice: KO.CoHoused7
SRR20462467	PRJNA861245	mouse skin metagenome	ILLUMINA	AMPLICON	METAGENOMIC	182450	16S amplicon sequencing of skin bacteria in demodex mice: KO.Inoculum5
SRR20462464	PRJNA861245	mouse skin metagenome	ILLUMINA	AMPLICON	METAGENOMIC	196889	16S amplicon sequencing of skin bacteria in demodex mice: KO.CoHoused6
SRR20462465	PRJNA861245	mouse skin metagenome	ILLUMINA	AMPLICON	METAGENOMIC	192020	16S amplicon sequencing of skin bacteria in demodex mice: KO.CoHoused5
SRR20462466	PRJNA861245	mouse skin metagenome	ILLUMINA	AMPLICON	METAGENOMIC	165845	16S amplicon sequencing of skin bacteria in demodex mice: KO.CoHoused4
SRR20462468	PRJNA861245	mouse skin metagenome	ILLUMINA	AMPLICON	METAGENOMIC	190393	16S amplicon sequencing of skin bacteria in demodex mice: KO.Inoculum4
SRR20462469	PRJNA861245	mouse skin metagenome	ILLUMINA	AMPLICON	METAGENOMIC	161118	16S amplicon sequencing of skin bacteria in demodex mice: KO.Inoculum3
SRR20462470	PRJNA861245	mouse skin metagenome	ILLUMINA	AMPLICON	METAGENOMIC	194669	16S amplicon sequencing of skin bacteria in demodex mice: KO.CoHoused3
SRR20462471	PRJNA861245	mouse skin metagenome	ILLUMINA	AMPLICON	METAGENOMIC	175418	16S amplicon sequencing of skin bacteria in demodex mice: KO.CoHoused2
SRR20462472	PRJNA861245	mouse skin metagenome	ILLUMINA	AMPLICON	METAGENOMIC	168285	16S amplicon sequencing of skin bacteria in demodex mice: KO.CoHoused1
SRR20462473	PRJNA861245	mouse skin metagenome	ILLUMINA	AMPLICON	METAGENOMIC	78994	16S amplicon sequencing of skin bacteria in demodex mice: Background2
SRR20462474	PRJNA861245	mouse skin metagenome	ILLUMINA	AMPLICON	METAGENOMIC	105664	16S amplicon sequencing of skin bacteria in demodex mice: Background1
SRR19996187	PRJNA856121	human metagenome	ILLUMINA	WGS	METAGENOMIC	17845496	WGS of human metagenome
SRR19996188	PRJNA856121	human metagenome	ILLUMINA	WGS	METAGENOMIC	17842420	WGS of human metagenome
SRR19996189	PRJNA856121	human metagenome	ILLUMINA	WGS	METAGENOMIC	18296670	WGS of human metagenome
SRR19996190	PRJNA856121	human metagenome	ILLUMINA	WGS	METAGENOMIC	16532518	WGS of human metagenome
SRR19996191	PRJNA856121	human metagenome	ILLUMINA	WGS	METAGENOMIC	58573745	WGS of human metagenome
SRR19996192	PRJNA856121	human metagenome	ILLUMINA	WGS	METAGENOMIC	13724115	WGS of human metagenome
SRR19996193	PRJNA856121	human metagenome	ILLUMINA	WGS	METAGENOMIC	15120588	WGS of human metagenome
SRR19996194	PRJNA856121	human metagenome	ILLUMINA	WGS	METAGENOMIC	17284328	WGS of human metagenome
SRR19996195	PRJNA856121	human metagenome	ILLUMINA	WGS	METAGENOMIC	18907610	WGS of human metagenome
SRR19996196	PRJNA856121	human metagenome	ILLUMINA	WGS	METAGENOMIC	21003495	WGS of human metagenome
SRR19996197	PRJNA856121	human metagenome	ILLUMINA	WGS	METAGENOMIC	18058182	WGS of human metagenome
SRR19996198	PRJNA856121	human metagenome	ILLUMINA	WGS	METAGENOMIC	19165533	WGS of human metagenome
SRR19996199	PRJNA856121	human metagenome	ILLUMINA	WGS	METAGENOMIC	20581514	WGS of human metagenome
SRR19996200	PRJNA856121	human metagenome	ILLUMINA	WGS	METAGENOMIC	18928296	WGS of human metagenome
SRR19996201	PRJNA856121	human metagenome	ILLUMINA	WGS	METAGENOMIC	15638291	WGS of human metagenome
SRR19996202	PRJNA856121	human metagenome	ILLUMINA	WGS	METAGENOMIC	16297749	WGS of human metagenome
SRR19996203	PRJNA856121	human metagenome	ILLUMINA	WGS	METAGENOMIC	8768460	WGS of human metagenome
SRR19996204	PRJNA856121	human metagenome	ILLUMINA	WGS	METAGENOMIC	14429520	WGS of human metagenome
SRR19996205	PRJNA856121	human metagenome	ILLUMINA	WGS	METAGENOMIC	14066396	WGS of human metagenome
SRR19996206	PRJNA856121	human metagenome	ILLUMINA	WGS	METAGENOMIC	17375988	WGS of human metagenome
SRR19996207	PRJNA856121	human metagenome	ILLUMINA	WGS	METAGENOMIC	15121209	WGS of human metagenome
SRR19996208	PRJNA856121	human metagenome	ILLUMINA	WGS	METAGENOMIC	19251758	WGS of human metagenome
SRR19996209	PRJNA856121	human metagenome	ILLUMINA	WGS	METAGENOMIC	19878720	WGS of human metagenome
SRR19996210	PRJNA856121	human metagenome	ILLUMINA	WGS	METAGENOMIC	14555892	WGS of human metagenome
SRR19996211	PRJNA856121	human metagenome	ILLUMINA	WGS	METAGENOMIC	26033975	WGS of human metagenome
SRR19996212	PRJNA856121	human metagenome	ILLUMINA	WGS	METAGENOMIC	16473868	WGS of human metagenome
SRR19996213	PRJNA856121	human metagenome	ILLUMINA	WGS	METAGENOMIC	9863305	WGS of human metagenome
SRR19996214	PRJNA856121	human metagenome	ILLUMINA	WGS	METAGENOMIC	15672672	WGS of human metagenome
SRR19996215	PRJNA856121	human metagenome	ILLUMINA	WGS	METAGENOMIC	17381623	WGS of human metagenome
SRR19996216	PRJNA856121	human metagenome	ILLUMINA	WGS	METAGENOMIC	15650627	WGS of human metagenome
SRR19996217	PRJNA856121	human metagenome	ILLUMINA	WGS	METAGENOMIC	18251999	WGS of human metagenome
SRR19996218	PRJNA856121	human metagenome	ILLUMINA	WGS	METAGENOMIC	23164418	WGS of human metagenome
SRR19996219	PRJNA856121	human metagenome	ILLUMINA	WGS	METAGENOMIC	21109752	WGS of human metagenome
SRR19996220	PRJNA856121	human metagenome	ILLUMINA	WGS	METAGENOMIC	26226149	WGS of human metagenome
SRR19996221	PRJNA856121	human metagenome	ILLUMINA	WGS	METAGENOMIC	21933685	WGS of human metagenome
SRR19996222	PRJNA856121	human metagenome	ILLUMINA	WGS	METAGENOMIC	24374368	WGS of human metagenome
SRR19996223	PRJNA856121	human metagenome	ILLUMINA	WGS	METAGENOMIC	27315019	WGS of human metagenome
SRR19996224	PRJNA856121	human metagenome	ILLUMINA	WGS	METAGENOMIC	16098726	WGS of human metagenome
SRR19996225	PRJNA856121	human metagenome	ILLUMINA	WGS	METAGENOMIC	22594059	WGS of human metagenome
SRR19996226	PRJNA856121	human metagenome	ILLUMINA	WGS	METAGENOMIC	23979339	WGS of human metagenome
SRR19996227	PRJNA856121	human metagenome	ILLUMINA	WGS	METAGENOMIC	26407157	WGS of human metagenome
SRR19996228	PRJNA856121	human metagenome	ILLUMINA	WGS	METAGENOMIC	27531654	WGS of human metagenome
SRR19996229	PRJNA856121	human metagenome	ILLUMINA	WGS	METAGENOMIC	26375963	WGS of human metagenome
SRR19996230	PRJNA856121	human metagenome	ILLUMINA	WGS	METAGENOMIC	15258736	WGS of human metagenome
SRR19996231	PRJNA856121	human metagenome	ILLUMINA	WGS	METAGENOMIC	14457000	WGS of human metagenome
SRR19996232	PRJNA856121	human metagenome	ILLUMINA	WGS	METAGENOMIC	8490993	WGS of human metagenome
SRR19996233	PRJNA856121	human metagenome	ILLUMINA	WGS	METAGENOMIC	18683291	WGS of human metagenome
SRR19996234	PRJNA856121	human metagenome	ILLUMINA	WGS	METAGENOMIC	8139058	WGS of human metagenome
SRR19996235	PRJNA856121	human metagenome	ILLUMINA	WGS	METAGENOMIC	9522829	WGS of human metagenome
SRR19996236	PRJNA856121	human metagenome	ILLUMINA	WGS	METAGENOMIC	12977425	WGS of human metagenome
SRR19996237	PRJNA856121	human metagenome	ILLUMINA	WGS	METAGENOMIC	28848036	WGS of human metagenome
SRR19996238	PRJNA856121	human metagenome	ILLUMINA	WGS	METAGENOMIC	30469342	WGS of human metagenome
SRR19996239	PRJNA856121	human metagenome	ILLUMINA	WGS	METAGENOMIC	27926751	WGS of human metagenome
SRR19996240	PRJNA856121	human metagenome	ILLUMINA	WGS	METAGENOMIC	31479937	WGS of human metagenome
SRR19996241	PRJNA856121	human metagenome	ILLUMINA	WGS	METAGENOMIC	25079659	WGS of human metagenome
SRR19996242	PRJNA856121	human metagenome	ILLUMINA	WGS	METAGENOMIC	16187452	WGS of human metagenome
SRR19996243	PRJNA856121	human metagenome	ILLUMINA	WGS	METAGENOMIC	16073558	WGS of human metagenome
SRR19996244	PRJNA856121	human metagenome	ILLUMINA	WGS	METAGENOMIC	23604424	WGS of human metagenome
SRR19996245	PRJNA856121	human metagenome	ILLUMINA	WGS	METAGENOMIC	24876734	WGS of human metagenome
SRR19996246	PRJNA856121	human metagenome	ILLUMINA	WGS	METAGENOMIC	6311380	WGS of human metagenome
SRR19996247	PRJNA856121	human metagenome	ILLUMINA	WGS	METAGENOMIC	29541537	WGS of human metagenome
SRR19996248	PRJNA856121	human metagenome	ILLUMINA	WGS	METAGENOMIC	26494981	WGS of human metagenome
SRR19996249	PRJNA856121	human metagenome	ILLUMINA	WGS	METAGENOMIC	23525953	WGS of human metagenome
SRR19996250	PRJNA856121	human metagenome	ILLUMINA	WGS	METAGENOMIC	28358898	WGS of human metagenome
SRR19996251	PRJNA856121	human metagenome	ILLUMINA	WGS	METAGENOMIC	26776272	WGS of human metagenome
SRR19996252	PRJNA856121	human metagenome	ILLUMINA	WGS	METAGENOMIC	21023399	WGS of human metagenome
SRR19996253	PRJNA856121	human metagenome	ILLUMINA	WGS	METAGENOMIC	23862630	WGS of human metagenome
SRR19996254	PRJNA856121	human metagenome	ILLUMINA	WGS	METAGENOMIC	23027658	WGS of human metagenome
SRR19996255	PRJNA856121	human metagenome	ILLUMINA	WGS	METAGENOMIC	21225925	WGS of human metagenome
SRR19996256	PRJNA856121	human metagenome	ILLUMINA	WGS	METAGENOMIC	16718992	WGS of human metagenome
SRR19996257	PRJNA856121	human metagenome	ILLUMINA	WGS	METAGENOMIC	9901272	WGS of human metagenome
SRR19996258	PRJNA856121	human metagenome	ILLUMINA	WGS	METAGENOMIC	6637443	WGS of human metagenome
SRR18248045	PRJNA813234	Mus musculus	ILLUMINA	RNA-Seq	TRANSCRIPTOMIC	260940625	GSM5935238: IL4/IL13DKO CD45- cells; Mus musculus; RNA-Seq
SRR18248047	PRJNA813234	Mus musculus	ILLUMINA	RNA-Seq	TRANSCRIPTOMIC	239401431	GSM5935237: IL4/IL13DKO CD45+ cells; Mus musculus; RNA-Seq
SRR18248049	PRJNA813234	Mus musculus	ILLUMINA	RNA-Seq	TRANSCRIPTOMIC	234505940	GSM5935236: IL4RaKO CD45- cells; Mus musculus; RNA-Seq
SRR18248051	PRJNA813234	Mus musculus	ILLUMINA	RNA-Seq	TRANSCRIPTOMIC	223679459	GSM5935235: IL4RaKO CD45+ cells; Mus musculus; RNA-Seq
SRR18248053	PRJNA813234	Mus musculus	ILLUMINA	RNA-Seq	TRANSCRIPTOMIC	225334601	GSM5935234: WT CD45- cells; Mus musculus; RNA-Seq
SRR18248055	PRJNA813234	Mus musculus	ILLUMINA	RNA-Seq	TRANSCRIPTOMIC	241666986	GSM5935233: WT CD45+ cells; Mus musculus; RNA-Seq
SRR18246769	PRJNA813233	Mus musculus	ILLUMINA	RNA-Seq	TRANSCRIPTOMIC	288394597	GSM5935242: WT CD45- cells Demodex; Mus musculus; RNA-Seq
SRR18246771	PRJNA813233	Mus musculus	ILLUMINA	RNA-Seq	TRANSCRIPTOMIC	266456594	GSM5935241: WT CD45+ cells Demodex; Mus musculus; RNA-Seq
SRR18246773	PRJNA813233	Mus musculus	ILLUMINA	RNA-Seq	TRANSCRIPTOMIC	246787185	GSM5935240: WT CD45- cells Control; Mus musculus; RNA-Seq
SRR18246775	PRJNA813233	Mus musculus	ILLUMINA	RNA-Seq	TRANSCRIPTOMIC	243123225	GSM5935239: WT CD45+ cells Control; Mus musculus; RNA-Seq
SRR18331142	PRJNA816363	Mus musculus	ILLUMINA	RNA-Seq	TRANSCRIPTOMIC	227923363	GSM5954446: WT CD45– cells IL-13; Mus musculus; RNA-Seq
SRR18331144	PRJNA816363	Mus musculus	ILLUMINA	RNA-Seq	TRANSCRIPTOMIC	305910272	GSM5954445: WT CD45+ cells IL-13; Mus musculus; RNA-Seq
SRR18331146	PRJNA816363	Mus musculus	ILLUMINA	RNA-Seq	TRANSCRIPTOMIC	254530782	GSM5954444: WT CD45– cells IL-4; Mus musculus; RNA-Seq
SRR18331148	PRJNA816363	Mus musculus	ILLUMINA	RNA-Seq	TRANSCRIPTOMIC	246745008	GSM5954443: WT CD45+ cells IL-4; Mus musculus; RNA-Seq
SRR13482644	PRJNA692647	human metagenome	ILLUMINA	AMPLICON	GENOMIC	50525	Demodex infection changes ocular surface microbial communities, in which meibomian gland dysfunction may play a role
SRR13482645	PRJNA692647	human metagenome	ILLUMINA	AMPLICON	GENOMIC	69057	Demodex infection changes ocular surface microbial communities, in which meibomian gland dysfunction may play a role
SRR13482646	PRJNA692647	human metagenome	ILLUMINA	AMPLICON	GENOMIC	71147	Demodex infection changes ocular surface microbial communities, in which meibomian gland dysfunction may play a role
SRR13482647	PRJNA692647	human metagenome	ILLUMINA	AMPLICON	GENOMIC	74663	Demodex infection changes ocular surface microbial communities, in which meibomian gland dysfunction may play a role
SRR13482648	PRJNA692647	human metagenome	ILLUMINA	AMPLICON	GENOMIC	67336	Demodex infection changes ocular surface microbial communities, in which meibomian gland dysfunction may play a role
SRR13482649	PRJNA692647	human metagenome	ILLUMINA	AMPLICON	GENOMIC	50345	Demodex infection changes ocular surface microbial communities, in which meibomian gland dysfunction may play a role
SRR13482650	PRJNA692647	human metagenome	ILLUMINA	AMPLICON	GENOMIC	57436	Demodex infection changes ocular surface microbial communities, in which meibomian gland dysfunction may play a role
SRR13482651	PRJNA692647	human metagenome	ILLUMINA	AMPLICON	GENOMIC	35648	Demodex infection changes ocular surface microbial communities, in which meibomian gland dysfunction may play a role
SRR13482652	PRJNA692647	human metagenome	ILLUMINA	AMPLICON	GENOMIC	69628	Demodex infection changes ocular surface microbial communities, in which meibomian gland dysfunction may play a role
SRR13482653	PRJNA692647	human metagenome	ILLUMINA	AMPLICON	GENOMIC	67936	Demodex infection changes ocular surface microbial communities, in which meibomian gland dysfunction may play a role
SRR13482654	PRJNA692647	human metagenome	ILLUMINA	AMPLICON	GENOMIC	50065	Demodex infection changes ocular surface microbial communities, in which meibomian gland dysfunction may play a role
SRR13482655	PRJNA692647	human metagenome	ILLUMINA	AMPLICON	GENOMIC	72433	Demodex infection changes ocular surface microbial communities, in which meibomian gland dysfunction may play a role
SRR13482656	PRJNA692647	human metagenome	ILLUMINA	AMPLICON	GENOMIC	47870	Demodex infection changes ocular surface microbial communities, in which meibomian gland dysfunction may play a role
SRR13482657	PRJNA692647	human metagenome	ILLUMINA	AMPLICON	GENOMIC	37578	Demodex infection changes ocular surface microbial communities, in which meibomian gland dysfunction may play a role
SRR13482658	PRJNA692647	human metagenome	ILLUMINA	AMPLICON	GENOMIC	48994	Demodex infection changes ocular surface microbial communities, in which meibomian gland dysfunction may play a role
SRR13482659	PRJNA692647	human metagenome	ILLUMINA	AMPLICON	GENOMIC	55145	Demodex infection changes ocular surface microbial communities, in which meibomian gland dysfunction may play a role
SRR13482660	PRJNA692647	human metagenome	ILLUMINA	AMPLICON	GENOMIC	40785	Demodex infection changes ocular surface microbial communities, in which meibomian gland dysfunction may play a role
SRR13482661	PRJNA692647	human metagenome	ILLUMINA	AMPLICON	GENOMIC	52265	Demodex infection changes ocular surface microbial communities, in which meibomian gland dysfunction may play a role
SRR13482662	PRJNA692647	human metagenome	ILLUMINA	AMPLICON	GENOMIC	54308	Demodex infection changes ocular surface microbial communities, in which meibomian gland dysfunction may play a role
SRR13482663	PRJNA692647	human metagenome	ILLUMINA	AMPLICON	GENOMIC	60409	Demodex infection changes ocular surface microbial communities, in which meibomian gland dysfunction may play a role
SRR13482664	PRJNA692647	human metagenome	ILLUMINA	AMPLICON	GENOMIC	59317	Demodex infection changes ocular surface microbial communities, in which meibomian gland dysfunction may play a role
SRR13482665	PRJNA692647	human metagenome	ILLUMINA	AMPLICON	GENOMIC	58821	Demodex infection changes ocular surface microbial communities, in which meibomian gland dysfunction may play a role
SRR13482666	PRJNA692647	human metagenome	ILLUMINA	AMPLICON	GENOMIC	48491	Demodex infection changes ocular surface microbial communities, in which meibomian gland dysfunction may play a role
SRR13482667	PRJNA692647	human metagenome	ILLUMINA	AMPLICON	GENOMIC	50672	Demodex infection changes ocular surface microbial communities, in which meibomian gland dysfunction may play a role
SRR13482668	PRJNA692647	human metagenome	ILLUMINA	AMPLICON	GENOMIC	52937	Demodex infection changes ocular surface microbial communities, in which meibomian gland dysfunction may play a role
SRR13482669	PRJNA692647	human metagenome	ILLUMINA	AMPLICON	GENOMIC	47507	Demodex infection changes ocular surface microbial communities, in which meibomian gland dysfunction may play a role
SRR13482670	PRJNA692647	human metagenome	ILLUMINA	AMPLICON	GENOMIC	51743	Demodex infection changes ocular surface microbial communities, in which meibomian gland dysfunction may play a role
SRR13482671	PRJNA692647	human metagenome	ILLUMINA	AMPLICON	GENOMIC	61627	Demodex infection changes ocular surface microbial communities, in which meibomian gland dysfunction may play a role
SRR13482672	PRJNA692647	human metagenome	ILLUMINA	AMPLICON	GENOMIC	58764	Demodex infection changes ocular surface microbial communities, in which meibomian gland dysfunction may play a role
SRR13482673	PRJNA692647	human metagenome	ILLUMINA	AMPLICON	GENOMIC	64885	Demodex infection changes ocular surface microbial communities, in which meibomian gland dysfunction may play a role
SRR13482674	PRJNA692647	human metagenome	ILLUMINA	AMPLICON	GENOMIC	55707	Demodex infection changes ocular surface microbial communities, in which meibomian gland dysfunction may play a role
SRR12454835	PRJNA657256	Homo sapiens	ILLUMINA	AMPLICON	METAGENOMIC	79399	A_18
SRR11695916	PRJNA630526	Demodex canis	ILLUMINA	RNA-Seq	TRANSCRIPTOMIC	32677583	RNA-Seq of Demodex canis: mites from Xi'an China
ERR2338216	PRJEB13411	Demodex folliculorum	ILLUMINA	WGA	GENOMIC	110795614	Illumina HiSeq 2000 paired end sequencing
ERR2338209	PRJEB13411	Demodex folliculorum	LS454	WGA	GENOMIC	652158	454 GS FLX Titanium sequencing
ERR2338208	PRJEB13411	Demodex folliculorum	LS454	WGA	GENOMIC	652341	454 GS FLX Titanium sequencing
ERR2338207	PRJEB13411	Demodex folliculorum	LS454	WGA	GENOMIC	689036	454 GS FLX Titanium sequencing
ERR2338206	PRJEB13411	Demodex folliculorum	LS454	WGA	GENOMIC	686791	454 GS FLX Titanium sequencing
ERR2338205	PRJEB13411	Demodex folliculorum	LS454	WGA	GENOMIC	553621	454 GS FLX Titanium sequencing
ERR2338204	PRJEB13411	Demodex folliculorum	LS454	WGA	GENOMIC	659761	454 GS FLX Titanium sequencing
SRR10040676	PRJNA562547	feces metagenome	ILLUMINA	AMPLICON	METAGENOMIC	33839	sample_name
SRR8351661	PRJNA510717	Demodex brevis	ILLUMINA	RNA-Seq	TRANSCRIPTOMIC	32551435	RNA-Seq of Demodex brevis: mites from Xi'an China
SRR8351662	PRJNA510717	Demodex folliculorum	ILLUMINA	RNA-Seq	TRANSCRIPTOMIC	33544592	RNA-Seq of Demodex folliculorum: mites from Xi'an China
ERR443852	PRJEB5729	human gut metagenome	ILLUMINA	AMPLICON	METAGENOMIC	42752	unspecified sequencing; qiime_experiment_2151:1170186:96
ERR444288	PRJEB5729	human gut metagenome	ILLUMINA	AMPLICON	METAGENOMIC	47125	unspecified sequencing; qiime_experiment_2151:1170622:827
ERR444699	PRJEB5729	human gut metagenome	ILLUMINA	AMPLICON	METAGENOMIC	66626	unspecified sequencing; qiime_experiment_2151:1171033:95
ERR443920	PRJEB5729	human gut metagenome	ILLUMINA	AMPLICON	METAGENOMIC	70569	unspecified sequencing; qiime_experiment_2151:1170254:386
ERR444529	PRJEB5729	human gut metagenome	ILLUMINA	AMPLICON	METAGENOMIC	40457	unspecified sequencing; qiime_experiment_2151:1170863:447
ERR444522	PRJEB5729	human gut metagenome	ILLUMINA	AMPLICON	METAGENOMIC	56220	unspecified sequencing; qiime_experiment_2151:1170856:338
ERR444443	PRJEB5729	human gut metagenome	ILLUMINA	AMPLICON	METAGENOMIC	30684	unspecified sequencing; qiime_experiment_2151:1170777:433
ERR444169	PRJEB5729	human gut metagenome	ILLUMINA	AMPLICON	METAGENOMIC	58752	unspecified sequencing; qiime_experiment_2151:1170503:511
ERR444313	PRJEB5729	human gut metagenome	ILLUMINA	AMPLICON	METAGENOMIC	46651	unspecified sequencing; qiime_experiment_2151:1170647:829
ERR443552	PRJEB5728	human skin metagenome	ILLUMINA	AMPLICON	METAGENOMIC	48431	unspecified sequencing; qiime_experiment_2150:1165023:777
ERR443234	PRJEB5728	human skin metagenome	ILLUMINA	AMPLICON	METAGENOMIC	57296	unspecified sequencing; qiime_experiment_2150:1165644:799
ERR443779	PRJEB5728	human skin metagenome	ILLUMINA	AMPLICON	METAGENOMIC	58432	unspecified sequencing; qiime_experiment_2150:1165250:685
ERR443778	PRJEB5728	human skin metagenome	ILLUMINA	AMPLICON	METAGENOMIC	54328	unspecified sequencing; qiime_experiment_2150:1165249:408
ERR443647	PRJEB5728	human skin metagenome	ILLUMINA	AMPLICON	METAGENOMIC	50797	unspecified sequencing; qiime_experiment_2150:1165118:860
ERR443601	PRJEB5728	human skin metagenome	ILLUMINA	AMPLICON	METAGENOMIC	55664	unspecified sequencing; qiime_experiment_2150:1165072:742
ERR443121	PRJEB5728	human skin metagenome	ILLUMINA	AMPLICON	METAGENOMIC	56184	unspecified sequencing; qiime_experiment_2150:1165531:851
ERR443197	PRJEB5728	human skin metagenome	ILLUMINA	AMPLICON	METAGENOMIC	63314	unspecified sequencing; qiime_experiment_2150:1165607:404
ERR443578	PRJEB5728	human skin metagenome	ILLUMINA	AMPLICON	METAGENOMIC	63554	unspecified sequencing; qiime_experiment_2150:1165049:320
ERR442820	PRJEB5727	human skin metagenome	ILLUMINA	AMPLICON	METAGENOMIC	48905	unspecified sequencing; qiime_experiment_2149:1164703:70
ERR442725	PRJEB5727	human skin metagenome	ILLUMINA	AMPLICON	METAGENOMIC	55200	unspecified sequencing; qiime_experiment_2149:1164608:566
ERR442793	PRJEB5727	human skin metagenome	ILLUMINA	AMPLICON	METAGENOMIC	39443	unspecified sequencing; qiime_experiment_2149:1164676:228
ERR442474	PRJEB5727	human skin metagenome	ILLUMINA	AMPLICON	METAGENOMIC	45869	unspecified sequencing; qiime_experiment_2149:1164357:867
ERR442784	PRJEB5727	human skin metagenome	ILLUMINA	AMPLICON	METAGENOMIC	46372	unspecified sequencing; qiime_experiment_2149:1164667:86
ERR442059	PRJEB5727	human skin metagenome	ILLUMINA	AMPLICON	METAGENOMIC	51290	unspecified sequencing; qiime_experiment_2149:1163942:518
ERR442280	PRJEB5727	human skin metagenome	ILLUMINA	AMPLICON	METAGENOMIC	52846	unspecified sequencing; qiime_experiment_2149:1164163:377
ERR442677	PRJEB5727	human skin metagenome	ILLUMINA	AMPLICON	METAGENOMIC	45011	unspecified sequencing; qiime_experiment_2149:1164560:864
ERR442593	PRJEB5727	human skin metagenome	ILLUMINA	AMPLICON	METAGENOMIC	52719	unspecified sequencing; qiime_experiment_2149:1164476:242
ERR441546	PRJEB5726	human oral metagenome	ILLUMINA	AMPLICON	METAGENOMIC	31738	unspecified sequencing; qiime_experiment_2148:1162482:590
ERR441228	PRJEB5726	human oral metagenome	ILLUMINA	AMPLICON	METAGENOMIC	46492	unspecified sequencing; qiime_experiment_2148:1162164:304
ERR441025	PRJEB5726	human oral metagenome	ILLUMINA	AMPLICON	METAGENOMIC	45625	unspecified sequencing; qiime_experiment_2148:1161961:450
ERR441145	PRJEB5726	human oral metagenome	ILLUMINA	AMPLICON	METAGENOMIC	61030	unspecified sequencing; qiime_experiment_2148:1162081:346
ERR441457	PRJEB5726	human oral metagenome	ILLUMINA	AMPLICON	METAGENOMIC	61171	unspecified sequencing; qiime_experiment_2148:1162393:403
ERR441855	PRJEB5726	human oral metagenome	ILLUMINA	AMPLICON	METAGENOMIC	56653	unspecified sequencing; qiime_experiment_2148:1162791:624
ERR441291	PRJEB5726	human oral metagenome	ILLUMINA	AMPLICON	METAGENOMIC	43389	unspecified sequencing; qiime_experiment_2148:1162227:395
ERR441439	PRJEB5726	human oral metagenome	ILLUMINA	AMPLICON	METAGENOMIC	67169	unspecified sequencing; qiime_experiment_2148:1162375:586
ERR441561	PRJEB5726	human oral metagenome	ILLUMINA	AMPLICON	METAGENOMIC	57953	unspecified sequencing; qiime_experiment_2148:1162497:502
